test_batch_id,INDEPENDENT_INTERPRETABILITY_NDCG_HIT_1_SCORE,INDEPENDENT_INTERPRETABILITY_NDCG_HIT_2_SCORE,INDEPENDENT_INTERPRETABILITY_NDCG_HIT_3_SCORE,INDEPENDENT_INTERPRETABILITY_NDCG_HIT_4_SCORE,INDEPENDENT_INTERPRETABILITY_NDCG_HIT_5_SCORE,INDEPENDENT_INTERPRETABILITY_NDCG_HIT_6_SCORE,INDEPENDENT_INTERPRETABILITY_NDCG_HIT_7_SCORE,INDEPENDENT_INTERPRETABILITY_NDCG_HIT_8_SCORE,INDEPENDENT_INTERPRETABILITY_NDCG_HIT_9_SCORE,INDEPENDENT_INTERPRETABILITY_NDCG_HIT_10_SCORE,INDEPENDENT_INTERPRETABILITY_NDCG_HIT_11_SCORE,INDEPENDENT_INTERPRETABILITY_NDCG_HIT_12_SCORE,INDEPENDENT_INTERPRETABILITY_NDCG_HIT_13_SCORE,INDEPENDENT_INTERPRETABILITY_NDCG_HIT_14_SCORE,INDEPENDENT_INTERPRETABILITY_NDCG_HIT_15_SCORE,INDEPENDENT_INTERPRETABILITY_NDCG_HIT_16_SCORE,INDEPENDENT_INTERPRETABILITY_NDCG_HIT_17_SCORE,INDEPENDENT_INTERPRETABILITY_NDCG_HIT_18_SCORE,INDEPENDENT_INTERPRETABILITY_NDCG_HIT_19_SCORE,INDEPENDENT_INTERPRETABILITY_NDCG_HIT_20_SCORE,FFVUS_PR,PR_AUC,INTERPRETABILITY_CONDITIONAL_VOLUMN_PR_WITH_NDCG_HIT_20_SCORE_COMBINATION,INTERPRETABILITY_CONDITIONAL_VOLUMN_PR_WITH_NDCG_HIT_1_SCORE_COMBINATION,INTERPRETABILITY_CONDITIONAL_VOLUMN_PR_WITH_NDCG_HIT_3_SCORE_COMBINATION,INTERPRETABILITY_CONDITIONAL_VOLUMN_PR_WITH_NDCG_HIT_5_SCORE_COMBINATION,INTERPRETABILITY_CONDITIONAL_VOLUMN_PR_WITH_NDCG_HIT_7_SCORE_COMBINATION,INTERPRETABILITY_CONDITIONAL_VOLUMN_PR_WITH_NDCG_HIT_9_SCORE_COMBINATION,INTERPRETABILITY_CONDITIONAL_VOLUMN_PR_WITH_NDCG_HIT_11_SCORE_COMBINATION,INTERPRETABILITY_CONDITIONAL_VOLUMN_PR_WITH_NDCG_HIT_13_SCORE_COMBINATION,INTERPRETABILITY_CONDITIONAL_VOLUMN_PR_WITH_NDCG_HIT_15_SCORE_COMBINATION,INTERPRETABILITY_CONDITIONAL_VOLUMN_PR_WITH_NDCG_HIT_17_SCORE_COMBINATION,INTERPRETABILITY_CONDITIONAL_VOLUMN_PR_WITH_NDCG_HIT_19_SCORE_COMBINATION,INTERPRETABILITY_CONDITIONAL_VOLUMN_PR_WITH_NDCG_HIT_10_SCORE_COMBINATION,INDEPENDENT_INTERPRETABILITY_NDCG_HIT_1_SCORE_WITH_SMOOTHING,INDEPENDENT_INTERPRETABILITY_NDCG_HIT_2_SCORE_WITH_SMOOTHING,INDEPENDENT_INTERPRETABILITY_NDCG_HIT_3_SCORE_WITH_SMOOTHING,INDEPENDENT_INTERPRETABILITY_NDCG_HIT_4_SCORE_WITH_SMOOTHING,INDEPENDENT_INTERPRETABILITY_NDCG_HIT_5_SCORE_WITH_SMOOTHING,INDEPENDENT_INTERPRETABILITY_NDCG_HIT_6_SCORE_WITH_SMOOTHING,INDEPENDENT_INTERPRETABILITY_NDCG_HIT_7_SCORE_WITH_SMOOTHING,INDEPENDENT_INTERPRETABILITY_NDCG_HIT_8_SCORE_WITH_SMOOTHING,INDEPENDENT_INTERPRETABILITY_NDCG_HIT_9_SCORE_WITH_SMOOTHING,INDEPENDENT_INTERPRETABILITY_NDCG_HIT_10_SCORE_WITH_SMOOTHING,INDEPENDENT_INTERPRETABILITY_NDCG_HIT_11_SCORE_WITH_SMOOTHING,INDEPENDENT_INTERPRETABILITY_NDCG_HIT_12_SCORE_WITH_SMOOTHING,INDEPENDENT_INTERPRETABILITY_NDCG_HIT_13_SCORE_WITH_SMOOTHING,INDEPENDENT_INTERPRETABILITY_NDCG_HIT_14_SCORE_WITH_SMOOTHING,INDEPENDENT_INTERPRETABILITY_NDCG_HIT_15_SCORE_WITH_SMOOTHING,INDEPENDENT_INTERPRETABILITY_NDCG_HIT_16_SCORE_WITH_SMOOTHING,INDEPENDENT_INTERPRETABILITY_NDCG_HIT_17_SCORE_WITH_SMOOTHING,INDEPENDENT_INTERPRETABILITY_NDCG_HIT_18_SCORE_WITH_SMOOTHING,INDEPENDENT_INTERPRETABILITY_NDCG_HIT_19_SCORE_WITH_SMOOTHING,INDEPENDENT_INTERPRETABILITY_NDCG_HIT_20_SCORE_WITH_SMOOTHING,INDEPENDENT_INTERPRETABILITY_NDCG_HIT_21_SCORE_WITH_SMOOTHING,INDEPENDENT_INTERPRETABILITY_NDCG_HIT_22_SCORE_WITH_SMOOTHING,INDEPENDENT_INTERPRETABILITY_NDCG_HIT_23_SCORE_WITH_SMOOTHING,INDEPENDENT_INTERPRETABILITY_NDCG_HIT_24_SCORE_WITH_SMOOTHING,INDEPENDENT_INTERPRETABILITY_NDCG_HIT_25_SCORE_WITH_SMOOTHING,INDEPENDENT_INTERPRETABILITY_NDCG_HIT_26_SCORE_WITH_SMOOTHING,INDEPENDENT_INTERPRETABILITY_NDCG_HIT_27_SCORE_WITH_SMOOTHING,INDEPENDENT_INTERPRETABILITY_NDCG_HIT_28_SCORE_WITH_SMOOTHING,INDEPENDENT_INTERPRETABILITY_NDCG_HIT_29_SCORE_WITH_SMOOTHING,INDEPENDENT_INTERPRETABILITY_NDCG_HIT_30_SCORE_WITH_SMOOTHING,INDEPENDENT_INTERPRETABILITY_NDCG_HIT_31_SCORE_WITH_SMOOTHING,INDEPENDENT_INTERPRETABILITY_NDCG_HIT_32_SCORE_WITH_SMOOTHING,INDEPENDENT_INTERPRETABILITY_NDCG_HIT_33_SCORE_WITH_SMOOTHING,INDEPENDENT_INTERPRETABILITY_NDCG_HIT_34_SCORE_WITH_SMOOTHING,INDEPENDENT_INTERPRETABILITY_NDCG_HIT_35_SCORE_WITH_SMOOTHING,INDEPENDENT_INTERPRETABILITY_NDCG_HIT_36_SCORE_WITH_SMOOTHING,INDEPENDENT_INTERPRETABILITY_NDCG_HIT_37_SCORE_WITH_SMOOTHING,INDEPENDENT_INTERPRETABILITY_NDCG_HIT_38_SCORE_WITH_SMOOTHING,INDEPENDENT_INTERPRETABILITY_NDCG_HIT_K_1_W_30_SCORE_WITH_SMOOTHING,INDEPENDENT_INTERPRETABILITY_NDCG_HIT_K_2_W_30_SCORE_WITH_SMOOTHING,INDEPENDENT_INTERPRETABILITY_NDCG_HIT_K_3_W_30_SCORE_WITH_SMOOTHING,INDEPENDENT_INTERPRETABILITY_NDCG_HIT_K_4_W_30_SCORE_WITH_SMOOTHING,INDEPENDENT_INTERPRETABILITY_NDCG_HIT_K_5_W_30_SCORE_WITH_SMOOTHING,INDEPENDENT_INTERPRETABILITY_NDCG_HIT_K_6_W_30_SCORE_WITH_SMOOTHING,INDEPENDENT_INTERPRETABILITY_NDCG_HIT_K_7_W_30_SCORE_WITH_SMOOTHING,INDEPENDENT_INTERPRETABILITY_NDCG_HIT_K_8_W_30_SCORE_WITH_SMOOTHING,INDEPENDENT_INTERPRETABILITY_NDCG_HIT_K_9_W_30_SCORE_WITH_SMOOTHING,INDEPENDENT_INTERPRETABILITY_NDCG_HIT_K_10_W_30_SCORE_WITH_SMOOTHING,INDEPENDENT_INTERPRETABILITY_NDCG_HIT_K_11_W_30_SCORE_WITH_SMOOTHING,INDEPENDENT_INTERPRETABILITY_NDCG_HIT_K_12_W_30_SCORE_WITH_SMOOTHING,INDEPENDENT_INTERPRETABILITY_NDCG_HIT_K_13_W_30_SCORE_WITH_SMOOTHING,INDEPENDENT_INTERPRETABILITY_NDCG_HIT_K_14_W_30_SCORE_WITH_SMOOTHING,INDEPENDENT_INTERPRETABILITY_NDCG_HIT_K_15_W_30_SCORE_WITH_SMOOTHING,INDEPENDENT_INTERPRETABILITY_NDCG_HIT_K_16_W_30_SCORE_WITH_SMOOTHING,INDEPENDENT_INTERPRETABILITY_NDCG_HIT_K_17_W_30_SCORE_WITH_SMOOTHING,INDEPENDENT_INTERPRETABILITY_NDCG_HIT_K_18_W_30_SCORE_WITH_SMOOTHING,INDEPENDENT_INTERPRETABILITY_NDCG_HIT_K_19_W_30_SCORE_WITH_SMOOTHING,INDEPENDENT_INTERPRETABILITY_NDCG_HIT_K_20_W_30_SCORE_WITH_SMOOTHING,INDEPENDENT_INTERPRETABILITY_NDCG_HIT_K_21_W_30_SCORE_WITH_SMOOTHING,INDEPENDENT_INTERPRETABILITY_NDCG_HIT_K_22_W_30_SCORE_WITH_SMOOTHING,INDEPENDENT_INTERPRETABILITY_NDCG_HIT_K_23_W_30_SCORE_WITH_SMOOTHING,INDEPENDENT_INTERPRETABILITY_NDCG_HIT_K_24_W_30_SCORE_WITH_SMOOTHING,INDEPENDENT_INTERPRETABILITY_NDCG_HIT_K_25_W_30_SCORE_WITH_SMOOTHING,INDEPENDENT_INTERPRETABILITY_NDCG_HIT_K_26_W_30_SCORE_WITH_SMOOTHING,INDEPENDENT_INTERPRETABILITY_NDCG_HIT_K_27_W_30_SCORE_WITH_SMOOTHING,INDEPENDENT_INTERPRETABILITY_NDCG_HIT_K_28_W_30_SCORE_WITH_SMOOTHING,INDEPENDENT_INTERPRETABILITY_NDCG_HIT_K_29_W_30_SCORE_WITH_SMOOTHING,INDEPENDENT_INTERPRETABILITY_NDCG_HIT_K_30_W_30_SCORE_WITH_SMOOTHING,INDEPENDENT_INTERPRETABILITY_NDCG_HIT_K_31_W_30_SCORE_WITH_SMOOTHING,INDEPENDENT_INTERPRETABILITY_NDCG_HIT_K_32_W_30_SCORE_WITH_SMOOTHING,INDEPENDENT_INTERPRETABILITY_NDCG_HIT_K_33_W_30_SCORE_WITH_SMOOTHING,INDEPENDENT_INTERPRETABILITY_NDCG_HIT_K_34_W_30_SCORE_WITH_SMOOTHING,INDEPENDENT_INTERPRETABILITY_NDCG_HIT_K_35_W_30_SCORE_WITH_SMOOTHING,INDEPENDENT_INTERPRETABILITY_NDCG_HIT_K_36_W_30_SCORE_WITH_SMOOTHING,INDEPENDENT_INTERPRETABILITY_NDCG_HIT_K_37_W_30_SCORE_WITH_SMOOTHING,INDEPENDENT_INTERPRETABILITY_NDCG_HIT_K_38_W_30_SCORE_WITH_SMOOTHING,INDEPENDENT_INTERPRETABILITY_NDCG_HIT_K_10_W_1_SCORE_WITH_SMOOTHING,INDEPENDENT_INTERPRETABILITY_NDCG_HIT_K_10_W_6_SCORE_WITH_SMOOTHING,INDEPENDENT_INTERPRETABILITY_NDCG_HIT_K_10_W_11_SCORE_WITH_SMOOTHING,INDEPENDENT_INTERPRETABILITY_NDCG_HIT_K_10_W_16_SCORE_WITH_SMOOTHING,INDEPENDENT_INTERPRETABILITY_NDCG_HIT_K_10_W_21_SCORE_WITH_SMOOTHING,INDEPENDENT_INTERPRETABILITY_NDCG_HIT_K_10_W_26_SCORE_WITH_SMOOTHING,INTERPRETABILITY_CONDITIONAL_VOLUMN_PR_WITH_NDCG_HIT_K_10_W_10_M_1_SCORE_COMBINATION_WITH_SMOOTHING,INTERPRETABILITY_CONDITIONAL_VOLUMN_PR_WITH_NDCG_HIT_K_10_W_10_M_1_SCORE_COMBINATION_WITH_SMOOTHING_computation_time,INTERPRETABILITY_CONDITIONAL_VOLUMN_PR_WITH_NDCG_HIT_K_10_W_10_M_11_SCORE_COMBINATION_WITH_SMOOTHING,INTERPRETABILITY_CONDITIONAL_VOLUMN_PR_WITH_NDCG_HIT_K_10_W_10_M_11_SCORE_COMBINATION_WITH_SMOOTHING_computation_time,INTERPRETABILITY_CONDITIONAL_VOLUMN_PR_WITH_NDCG_HIT_K_10_W_10_M_21_SCORE_COMBINATION_WITH_SMOOTHING,INTERPRETABILITY_CONDITIONAL_VOLUMN_PR_WITH_NDCG_HIT_K_10_W_10_M_21_SCORE_COMBINATION_WITH_SMOOTHING_computation_time,INTERPRETABILITY_CONDITIONAL_VOLUMN_PR_WITH_NDCG_HIT_K_10_W_10_M_31_SCORE_COMBINATION_WITH_SMOOTHING,INTERPRETABILITY_CONDITIONAL_VOLUMN_PR_WITH_NDCG_HIT_K_10_W_10_M_31_SCORE_COMBINATION_WITH_SMOOTHING_computation_time,INTERPRETABILITY_CONDITIONAL_VOLUMN_PR_WITH_NDCG_HIT_K_10_W_10_M_41_SCORE_COMBINATION_WITH_SMOOTHING,INTERPRETABILITY_CONDITIONAL_VOLUMN_PR_WITH_NDCG_HIT_K_10_W_10_M_41_SCORE_COMBINATION_WITH_SMOOTHING_computation_time,INTERPRETABILITY_CONDITIONAL_VOLUMN_PR_WITH_NDCG_HIT_K_10_W_10_M_51_SCORE_COMBINATION_WITH_SMOOTHING,INTERPRETABILITY_CONDITIONAL_VOLUMN_PR_WITH_NDCG_HIT_K_10_W_10_M_51_SCORE_COMBINATION_WITH_SMOOTHING_computation_time,INTERPRETABILITY_CONDITIONAL_VOLUMN_PR_WITH_NDCG_HIT_K_10_W_10_M_61_SCORE_COMBINATION_WITH_SMOOTHING,INTERPRETABILITY_CONDITIONAL_VOLUMN_PR_WITH_NDCG_HIT_K_10_W_10_M_61_SCORE_COMBINATION_WITH_SMOOTHING_computation_time,INTERPRETABILITY_CONDITIONAL_VOLUMN_PR_WITH_NDCG_HIT_K_10_W_10_M_71_SCORE_COMBINATION_WITH_SMOOTHING,INTERPRETABILITY_CONDITIONAL_VOLUMN_PR_WITH_NDCG_HIT_K_10_W_10_M_71_SCORE_COMBINATION_WITH_SMOOTHING_computation_time,INTERPRETABILITY_CONDITIONAL_VOLUMN_PR_WITH_NDCG_HIT_K_10_W_10_M_81_SCORE_COMBINATION_WITH_SMOOTHING,INTERPRETABILITY_CONDITIONAL_VOLUMN_PR_WITH_NDCG_HIT_K_10_W_10_M_81_SCORE_COMBINATION_WITH_SMOOTHING_computation_time,INTERPRETABILITY_CONDITIONAL_VOLUMN_PR_WITH_NDCG_HIT_K_10_W_10_M_91_SCORE_COMBINATION_WITH_SMOOTHING,INTERPRETABILITY_CONDITIONAL_VOLUMN_PR_WITH_NDCG_HIT_K_10_W_10_M_91_SCORE_COMBINATION_WITH_SMOOTHING_computation_time,INTERPRETABILITY_CONDITIONAL_VOLUMN_PR_WITH_NDCG_HIT_K_10_W_10_M_20_SCORE_COMBINATION_WITH_SMOOTHING,INTERPRETABILITY_CONDITIONAL_VOLUMN_PR_WITH_NDCG_HIT_K_10_W_10_M_20_SCORE_COMBINATION_WITH_SMOOTHING_computation_time,INTERPRETABILITY_CONDITIONAL_VOLUMN_PR_WITH_NDCG_HIT_K_10_W_10_M_40_SCORE_COMBINATION_WITH_SMOOTHING,INTERPRETABILITY_CONDITIONAL_VOLUMN_PR_WITH_NDCG_HIT_K_10_W_10_M_40_SCORE_COMBINATION_WITH_SMOOTHING_computation_time
machine-3-11.out,0.0,0.0,0.0,0.0,0.0,0.0,0.0,0.0,0.0291784565064076,0.0488848734838277,0.0659535804933368,0.1139380804330875,0.1561821985366661,0.1935452812093196,0.2206414477042535,0.2508781433811972,0.2767272653900153,0.3013534090333204,0.3235563885499469,0.3444690207079442,0.0635630562901496,0.0643893246912974,0.1634828088805079,0.0083795727789402,0.0083795727789402,0.0083795727789402,0.0083795727789402,0.0176119762845337,0.0281281748693436,0.0745059044659137,0.1081496269721537,0.1342394848354161,0.1536376072280109,0.0219894644711166,0.0,0.0,0.0,0.0,0.0,0.0,0.0,0.0,0.0291784565064076,0.0488848734838277,0.0656614494225929,0.1139294478329043,0.1561739893133865,0.1935374464444726,0.2210647784694724,0.2512845124487468,0.2776908634466681,0.3024631949314583,0.3246284824731467,0.3455064449457172,0.3708278043301881,0.3952975750480496,0.4197819589189128,0.4472399573126023,0.4750779390455174,0.5027480214371538,0.5114701648584041,0.5328801140098772,0.5504014298462854,0.5641880867110668,0.5824986459182578,0.6028867130965095,0.6113918085362068,0.6410721148482033,0.649441550961624,0.649441550961624,0.649441550961624,0.649441550961624,0.0,0.0,0.0,0.0,0.0,0.0,0.0,0.0,0.0291784565064076,0.0488848734838277,0.0656614494225929,0.1139294478329043,0.1561739893133865,0.1935374464444726,0.2210647784694724,0.2512845124487468,0.2776908634466681,0.3024631949314583,0.3246284824731467,0.3455064449457172,0.3708278043301881,0.3952975750480496,0.4197819589189128,0.4472399573126023,0.4750779390455174,0.5027480214371538,0.5114701648584041,0.5328801140098772,0.5504014298462854,0.5641880867110668,0.5824986459182578,0.6028867130965095,0.6113918085362068,0.6410721148482033,0.649441550961624,0.649441550961624,0.649441550961624,0.649441550961624,0.0702115044859981,0.059488338183653,0.0508127761565232,0.0488848734838277,0.0488848734838277,0.0488848734838277,0.4210676252841949,0.7346608638763428,0.0460110584443265,1.1092212200164795,0.033394742247072,1.1043119430541992,0.0291311052597818,1.1571106910705566,0.027026600317984,1.237407922744751,0.0261375905726762,1.298654079437256,0.0252821394395022,1.3843650817871094,0.0243995158382179,1.4710750579833984,0.0240272319772177,1.5318198204040527,0.0237902616877313,1.6250710487365725,0.03391239009797573,1.1026921272277832,0.026997423521243034,1.191375732421875
machine-3-10.out,0.0,0.0,0.0,0.0,0.0,0.0,0.0,0.0,0.0,0.0568180880974339,0.1046994559957258,0.1445842275961078,0.1772614598087711,0.2065715897223349,0.2433700474868702,0.2787399067819288,0.3023682724104259,0.322572195619389,0.3455101546479381,0.3763002371927271,0.755229651927948,0.738030277592693,0.5411596801877022,0.0571283892542123,0.0571283892542123,0.0571283892542123,0.0571283892542123,0.0571283892542123,0.1900503532588482,0.2880129615962505,0.3724503077566624,0.4402368631958961,0.5109015855193139,0.1255074640363455,0.0,0.0,0.0,0.0,0.0,0.0,0.0,0.0,0.0,0.0663110972050284,0.1207997909012846,0.1584248896308247,0.1959692467685954,0.2279181986684871,0.2626279805002514,0.2998541050691819,0.3221440999554253,0.3476134499398892,0.3630671820765662,0.3937739374883841,0.4244962463178228,0.4531774122966632,0.4796205924795519,0.4863988373818419,0.4957755658317188,0.5050325495794898,0.5236034461395146,0.5334270254855118,0.5345405433801932,0.5446717858016745,0.5463908832842511,0.5473874970253385,0.5565745821029319,0.5741887763621769,0.5822914713042071,0.5829394819291784,0.5829394819291784,0.5829394819291784,0.0,0.0,0.0,0.0,0.0,0.0,0.0,0.0,0.0,0.0663110972050284,0.1207997909012846,0.1584248896308247,0.1959692467685954,0.2279181986684871,0.2626279805002514,0.2998541050691819,0.3221440999554253,0.3476134499398892,0.3630671820765662,0.3937739374883841,0.4244962463178228,0.4531774122966632,0.4796205924795519,0.4863988373818419,0.4957755658317188,0.5050325495794898,0.5236034461395146,0.5334270254855118,0.5345405433801932,0.5446717858016745,0.5463908832842511,0.5473874970253385,0.5565745821029319,0.5741887763621769,0.5822914713042071,0.5829394819291784,0.5829394819291784,0.5829394819291784,0.0609473472618256,0.0665833198739399,0.0676872677002599,0.0681433487837599,0.0674966717559723,0.0663110972050284,0.8936646580696106,0.6068520545959473,0.1809312731704928,1.214271068572998,0.1665140374430588,1.3886339664459229,0.1619978970096957,1.7341868877410889,0.1592743023321396,1.9140002727508545,0.1580850228521169,2.1913821697235107,0.156897168117957,2.4421651363372803,0.1559760732654954,2.7351880073547363,0.1558426258464654,2.9633138179779053,0.1554007616590012,3.233104944229126,0.16766519229859114,1.3671011924743652,0.15918084122240544,1.8844318389892578
machine-3-6.out,0.0,0.0,0.0,0.0,0.0,0.0,0.0,0.0766920257204926,0.137458028160724,0.1558622018738245,0.1658268030267748,0.1733457672418305,0.1957535303059333,0.2268908862294709,0.2426316697395499,0.2549948742913481,0.2650371144059101,0.2740217847615355,0.2867333609100611,0.3019551936391885,0.2582959830760956,0.2297971541047674,0.2898912371695041,0.0547575921565294,0.0547575921565294,0.0547575921565294,0.0547575921565294,0.1506106130033731,0.1708901979774236,0.2042067489027977,0.2455302717536688,0.2616456840187311,0.2785644038021564,0.1651699117571115,0.0,0.0,0.0,0.0,0.0,0.0,0.0,0.0762922751631665,0.1400270416283227,0.1675780251143112,0.1793142563946036,0.1876811839954109,0.209627355789625,0.2380546227945343,0.2607322216704715,0.2728959839193174,0.2853293990872723,0.293907315445869,0.3067304335714964,0.320620240834324,0.3322377557434889,0.3418188073714014,0.3461135111930548,0.3547479262203382,0.3636793043267237,0.3708976363440399,0.3778526762919079,0.3862004944513965,0.3976551538777242,0.4034679403455593,0.4104506270106166,0.4120190209985872,0.4445255033415763,0.4465157657301882,0.4674257684225347,0.4760490858041609,0.4771056106578116,0.4771056106578116,0.0,0.0,0.0,0.0,0.0,0.0,0.0,0.0762922751631665,0.1400270416283227,0.1675780251143112,0.1793142563946036,0.1876811839954109,0.209627355789625,0.2380546227945343,0.2607322216704715,0.2728959839193174,0.2853293990872723,0.293907315445869,0.3067304335714964,0.320620240834324,0.3322377557434889,0.3418188073714014,0.3461135111930548,0.3547479262203382,0.3636793043267237,0.3708976363440399,0.3778526762919079,0.3862004944513965,0.3976551538777242,0.4034679403455593,0.4104506270106166,0.4120190209985872,0.4445255033415763,0.4465157657301882,0.4674257684225347,0.4760490858041609,0.4771056106578116,0.4771056106578116,0.1766801908292687,0.1740519442594291,0.1720896537890946,0.1734838922745801,0.1736203192020577,0.1700725451672834,0.8219550848007202,0.7620689868927002,0.2056392749602144,1.2894010543823242,0.1950842791369983,1.4856970310211182,0.1899355217333763,1.802509069442749,0.1891847057495175,2.0732507705688477,0.1874022164619436,2.3351621627807617,0.1867853305989601,2.5977721214294434,0.185993938273947,2.89722204208374,0.1856065682239002,3.1505088806152344,0.185046454420784,3.4345390796661377,0.19551846124231814,1.4438860416412354,0.18901291005313398,2.0872578620910645
machine-3-1.out,0.0,0.0,0.0,0.0,0.0,0.0,0.0,0.0323841471438507,0.0588085941583421,0.1203227975336552,0.1761232383955513,0.1975541336245252,0.2186749371363959,0.2415034663612708,0.2600659343278457,0.2859041191900206,0.3109515205857703,0.3399346698295414,0.366486341063805,0.3713427412575228,0.1802751421928405,0.1703988211430453,0.2720187583565712,0.0184490919113159,0.0184490919113159,0.0184490919113159,0.0184490919113159,0.0439114632457494,0.1359181350469589,0.1685574745759367,0.2031374692544341,0.2391865940392017,0.270130380988121,0.0883556910976767,0.0,0.0,0.0,0.0,0.0,0.0,0.0,0.0323841471438507,0.0588085941583421,0.1429251759252787,0.2187340736473013,0.2401034925442537,0.2551224258206657,0.2775609691500924,0.2956452927924807,0.3196726407667687,0.3455181364208029,0.3725323482948071,0.3985264584970021,0.4037197450908721,0.4064530660297629,0.4128429623941581,0.4128429623941581,0.4160170565600609,0.4254824473205378,0.4333460778494936,0.433461302550468,0.4360838526963694,0.4380029381913168,0.4384501760467976,0.4455404292739604,0.4512152664475948,0.4579389736875258,0.4628266329297368,0.4859474133126715,0.4998263059669703,0.5032039503842187,0.5032039503842187,0.0,0.0,0.0,0.0,0.0,0.0,0.0,0.0323841471438507,0.0588085941583421,0.1429251759252787,0.2187340736473013,0.2401034925442537,0.2551224258206657,0.2775609691500924,0.2956452927924807,0.3196726407667687,0.3455181364208029,0.3725323482948071,0.3985264584970021,0.4037197450908721,0.4064530660297629,0.4128429623941581,0.4128429623941581,0.4160170565600609,0.4254824473205378,0.4333460778494936,0.433461302550468,0.4360838526963694,0.4380029381913168,0.4384501760467976,0.4455404292739604,0.4512152664475948,0.4579389736875258,0.4628266329297368,0.4859474133126715,0.4998263059669703,0.5032039503842187,0.5032039503842187,0.15079165819789,0.1514204985599055,0.149023761369681,0.1423887394656307,0.1408839293702128,0.1416038904697678,0.8693197965621948,0.7145650386810303,0.1466474202884869,1.1495769023895264,0.1334632871051629,1.1559827327728271,0.1280099803041066,1.305009841918945,0.1251501204309667,1.470895767211914,0.123656095827327,1.560081958770752,0.1228924343881548,1.6694750785827637,0.122236347770397,1.8006720542907717,0.121273624929197,1.9449808597564695,0.1208478146447585,2.0284628868103027,0.13427918581292034,1.1942520141601562,0.12544540357775985,1.3615303039550781
machine-3-8.out,0.0,0.0,0.0,0.0,0.0,0.0,0.0,0.0515085095753221,0.094208751024669,0.1295152630001139,0.1596147877370523,0.1925824533229253,0.2233513551774481,0.2532719711031718,0.2816631847246322,0.3059060196984234,0.3241867613233153,0.3407072875985647,0.3559331283997484,0.3665055412206461,0.4401782751083374,0.470711470068806,0.3666222828626633,0.0519173368811607,0.0519173368811607,0.0519173368811607,0.0519173368811607,0.1301844751834869,0.1889025621861219,0.2429023221135139,0.2911571803689003,0.338032839000225,0.3585627166926861,0.1624120328575372,0.0,0.0,0.0,0.0,0.0,0.0,0.0,0.054104710237701,0.1054550227508321,0.154093543506813,0.1900749927953321,0.2310200852426162,0.2695109962167156,0.299910714737641,0.3325441066890915,0.3550431110726698,0.3728724340162921,0.3864626857621927,0.3997713206011587,0.4084480498369454,0.416484408849989,0.4235708415198407,0.4290702817070018,0.4331623733636971,0.4393589184843895,0.4412763509457684,0.4499699752829663,0.4579854929872666,0.462087562292953,0.4621653037165722,0.4731449638203895,0.4780377544028384,0.483603001385626,0.4891711029616288,0.4944824682438571,0.530323035597833,0.5360437535054899,0.5384680438492553,0.0,0.0,0.0,0.0,0.0,0.0,0.0,0.054104710237701,0.1054550227508321,0.154093543506813,0.1900749927953321,0.2310200852426162,0.2695109962167156,0.299910714737641,0.3325441066890915,0.3550431110726698,0.3728724340162921,0.3864626857621927,0.3997713206011587,0.4084480498369454,0.416484408849989,0.4235708415198407,0.4290702817070018,0.4331623733636971,0.4393589184843895,0.4412763509457684,0.4499699752829663,0.4579854929872666,0.462087562292953,0.4621653037165722,0.4731449638203895,0.4780377544028384,0.483603001385626,0.4891711029616288,0.4944824682438571,0.530323035597833,0.5360437535054899,0.5384680438492553,0.1406967628430012,0.1531205729185127,0.1544115650064087,0.1554548655650619,0.1537386779451841,0.1532785468953429,0.7536285519599915,0.75400710105896,0.2183741507205096,1.1932590007781982,0.2080860822683289,1.3697659969329834,0.2047123083424183,1.611515998840332,0.2030106485798591,1.8521151542663576,0.2018827489193748,2.0586907863616943,0.2015909187984271,2.2760610580444336,0.2010806339832259,2.550907850265503,0.2006464759692733,2.7703800201416016,0.200297232307903,2.933732032775879,0.20873767603188753,1.3265290260314941,0.20340515952557325,1.7747721672058105
machine-1-5.out,0.0,0.0,0.0,0.0,0.0,0.0,0.0,0.0,0.0,0.0408313669879593,0.0779190505709104,0.1120386899936583,0.1616716222578308,0.1732676272050103,0.1969309955343534,0.2168222576953071,0.2491637841111723,0.277284327281047,0.3082994834956016,0.3308600491926238,0.0925549045205116,0.0506930059532085,0.1676808918267488,0.0316177093982696,0.0316177093982696,0.0316177093982696,0.0316177093982696,0.0316177093982696,0.0610905262082815,0.0919128435850143,0.1065497250109911,0.1278679191321134,0.1548616681993007,0.0470510487258434,0.0,0.0,0.0,0.0,0.0,0.0,0.0,0.0,0.0,0.0408313669879593,0.0779190505709104,0.1120386899936583,0.1616716222578308,0.2017375073567431,0.231707922706562,0.2526701700665264,0.2853246869025854,0.3163352301409307,0.3317879453952537,0.3456521930791467,0.3633350837222517,0.3862249162258625,0.408302749909782,0.4200508900902098,0.4347362175226062,0.4412421905813102,0.4556311679490715,0.4808199936642618,0.498130889910679,0.5119027397280466,0.5152455850161852,0.5179565698946801,0.5319650059340545,0.5343248087563917,0.5343248087563917,0.5343248087563917,0.5343248087563917,0.5343248087563917,0.0,0.0,0.0,0.0,0.0,0.0,0.0,0.0,0.0,0.0408313669879593,0.0779190505709104,0.1120386899936583,0.1616716222578308,0.2017375073567431,0.231707922706562,0.2526701700665264,0.2853246869025854,0.3163352301409307,0.3317879453952537,0.3456521930791467,0.3633350837222517,0.3862249162258625,0.408302749909782,0.4200508900902098,0.4347362175226062,0.4412421905813102,0.4556311679490715,0.4808199936642618,0.498130889910679,0.5119027397280466,0.5152455850161852,0.5179565698946801,0.5319650059340545,0.5343248087563917,0.5343248087563917,0.5343248087563917,0.5343248087563917,0.5343248087563917,0.0542531957916567,0.0508492877300499,0.0465572379258649,0.0408313669879593,0.0408313669879593,0.0408313669879593,0.4611450731754303,0.6623260974884033,0.0725052641196684,0.9816312789916992,0.0574661338967936,1.0578019618988037,0.0554124174579497,1.2179043292999268,0.0535259163234292,1.369649887084961,0.0528401974953857,1.531540870666504,0.0522195602171733,1.7067139148712158,0.0517387849239396,1.840667963027954,0.0510940743541276,1.9392781257629397,0.0506661647705586,2.063993215560913,0.057663613371551035,1.052095890045166,0.05370264211669564,1.347891092300415
machine-1-2.out,0.0,0.0,0.0,0.0,0.0,0.0647718599957777,0.1245466649723396,0.1731089435036372,0.2144129871617651,0.2471144739053898,0.2705468524585522,0.2798128979368816,0.2835371760078091,0.2876906913036143,0.293533452992234,0.299539663289747,0.309964616212613,0.3199482930574855,0.3283099194330552,0.3368002958426542,0.2266412079334259,0.1737801674815392,0.2627624030411243,0.0476090061664581,0.0476090061664581,0.0476090061664581,0.1220046674460172,0.1847635225206613,0.2273635055124759,0.2367249923944473,0.2426775683462619,0.2500625066459179,0.2590956585109233,0.2123233370482921,0.0,0.0,0.0,0.0,0.0,0.0578492574181347,0.1137752679558267,0.1662063375150319,0.217313179003859,0.2417716049003719,0.2716396965919694,0.2874227802562631,0.3006574180702625,0.3076757798718492,0.3191898595312439,0.3342607249206449,0.3448637803559781,0.3572456734527812,0.3679241409758265,0.3762540779426934,0.3873753395817577,0.3949081845687623,0.4080929840349661,0.4200829204901576,0.4291730117352687,0.4367690429669493,0.4428665212961719,0.4467796214746432,0.4525193953486024,0.4608874095261229,0.4687474464518947,0.4717457964813519,0.4802519859000344,0.4893463042194456,0.494651678973764,0.5020907938083742,0.5249259072416901,0.5249259072416901,0.0,0.0,0.0,0.0,0.0,0.0578492574181347,0.1137752679558267,0.1662063375150319,0.217313179003859,0.2417716049003719,0.2716396965919694,0.2874227802562631,0.3006574180702625,0.3076757798718492,0.3191898595312439,0.3342607249206449,0.3448637803559781,0.3572456734527812,0.3679241409758265,0.3762540779426934,0.3873753395817577,0.3949081845687623,0.4080929840349661,0.4200829204901576,0.4291730117352687,0.4367690429669493,0.4428665212961719,0.4467796214746432,0.4525193953486024,0.4608874095261229,0.4687474464518947,0.4717457964813519,0.4802519859000344,0.4893463042194456,0.494651678973764,0.5020907938083742,0.5249259072416901,0.5249259072416901,0.2322493564884162,0.2364755156184856,0.2386947907310219,0.2417690779523795,0.2446827488276986,0.2434209527079461,0.7121775150299072,0.6294851303100586,0.2164472768252546,1.097358226776123,0.2068756618315265,1.2400779724121094,0.2041016951684028,1.4614651203155518,0.2021598293468719,1.6929779052734375,0.2014788875685018,1.919095993041992,0.2010728282029511,2.195164918899536,0.2007851461604447,2.3955368995666504,0.1998245927194754,2.6735198497772217,0.2000757443954001,2.86735200881958,0.20681547094136477,1.2716820240020752,0.2018621644936502,1.885349988937378
machine-1-3.out,0.0134638922888616,0.0134638922888616,0.0134638922888616,0.0134638922888616,0.0290414841110124,0.0475481177192566,0.0630418107626293,0.0792053168099928,0.0963681742309646,0.109837912962291,0.1218318829897287,0.1295153135309338,0.1345153276488414,0.1440009054021782,0.1513240305802851,0.1579648658432653,0.1661701053628306,0.171843266826205,0.1766684334405647,0.1821394501023686,0.2406371235847473,0.1887767003447134,0.1531824940443039,0.0655660431832075,0.0655660431832075,0.0732425606250763,0.091613683104515,0.1094080440700054,0.1238239759206771,0.1287370502948761,0.1378533115983009,0.1454765325784683,0.1506191357970237,0.1173913080990314,0.0134638922888616,0.0134638922888616,0.0134638922888616,0.0134638922888616,0.0367499831570251,0.0561408514762222,0.0827256862318498,0.1145986839172749,0.1337277752788397,0.1461539506752026,0.1601246722992902,0.1719379320373206,0.179819541987913,0.1861474295481311,0.1936312562416833,0.2052484467534514,0.2137749994826309,0.2167926412351799,0.2245841540270909,0.23322886005936,0.2437994995696108,0.2539367524003982,0.2692702913729034,0.297648991527656,0.3223921850144809,0.3348570108054754,0.3418323561644061,0.3494659487647818,0.3647858144970256,0.3791673249675625,0.3935353791262562,0.3965894801873941,0.3992956623438315,0.399906372224888,0.4022140958813042,0.4045043089594063,0.4067777317910218,0.4090350355370166,0.0134638922888616,0.0134638922888616,0.0134638922888616,0.0134638922888616,0.0367499831570251,0.0561408514762222,0.0827256862318498,0.1145986839172749,0.1337277752788397,0.1461539506752026,0.1601246722992902,0.1719379320373206,0.179819541987913,0.1861474295481311,0.1936312562416833,0.2052484467534514,0.2137749994826309,0.2167926412351799,0.2245841540270909,0.23322886005936,0.2437994995696108,0.2539367524003982,0.2692702913729034,0.297648991527656,0.3223921850144809,0.3348570108054754,0.3418323561644061,0.3494659487647818,0.3647858144970256,0.3791673249675625,0.3935353791262562,0.3965894801873941,0.3992956623438315,0.399906372224888,0.4022140958813042,0.4045043089594063,0.4067777317910218,0.4090350355370166,0.1756264662377881,0.1720169478648793,0.169775549805251,0.1602305557176593,0.1583169647926376,0.154877426623746,0.3814451992511749,0.641815185546875,0.1659122935750267,1.0987839698791504,0.1627768806758381,1.3122518062591553,0.1621961747446368,1.5923919677734375,0.161263685764336,1.8796570301055908,0.1615581487615903,2.111747980117798,0.1613975525146625,2.3579180240631104,0.161466381499465,2.589298963546753,0.1610528262860981,2.8475589752197266,0.1610040823509405,3.0853400230407715,0.1626750197261572,1.310119867324829,0.16132558956742288,1.8527588844299316
machine-3-9.out,0.0,0.0,0.0,0.0,0.0,0.0,0.0,0.038448853564744,0.0698219105508206,0.1401508921011562,0.2021379484290511,0.2266343527998367,0.2443292609537007,0.2656364460614241,0.2812497817539107,0.2993363404536713,0.3190220905623413,0.3424055125022315,0.3653228996631808,0.3765629904790663,0.1719322651624679,0.2189900069992042,0.2673329929634929,0.0170123424753546,0.0170123424753546,0.0170123424753546,0.0170123424753546,0.050326798222959,0.1529505186155438,0.1806568266451358,0.2049893290176987,0.228280608728528,0.257263898961246,0.1077234393730759,0.0,0.0,0.0,0.0,0.0,0.0,0.0,0.066786726231444,0.0981597832175205,0.1483424320798689,0.2155137256421479,0.2404286680222812,0.2573100062804838,0.2798790915832551,0.2960296284832742,0.311482744481115,0.3360425141734693,0.3605159007870935,0.384142481412582,0.3898423802275969,0.3905369865388001,0.3987442240083567,0.4041391972040984,0.4064737705135107,0.4095703393843943,0.4129435164788135,0.4152530911805682,0.419354792133643,0.4307497891666768,0.4337630608040101,0.4453652506903428,0.4461609513395553,0.447012078115899,0.457468141559743,0.4765181618959782,0.4943562101283817,0.5115464138563688,0.5115464138563688,0.0,0.0,0.0,0.0,0.0,0.0,0.0,0.066786726231444,0.0981597832175205,0.1483424320798689,0.2155137256421479,0.2404286680222812,0.2573100062804838,0.2798790915832551,0.2960296284832742,0.311482744481115,0.3360425141734693,0.3605159007870935,0.384142481412582,0.3898423802275969,0.3905369865388001,0.3987442240083567,0.4041391972040984,0.4064737705135107,0.4095703393843943,0.4129435164788135,0.4152530911805682,0.419354792133643,0.4307497891666768,0.4337630608040101,0.4453652506903428,0.4461609513395553,0.447012078115899,0.457468141559743,0.4765181618959782,0.4943562101283817,0.5115464138563688,0.5115464138563688,0.1694440361456919,0.1683504499262083,0.1638943783152654,0.1594951450331071,0.1503467808684673,0.1480991744456114,0.8833412528038025,0.7256729602813721,0.1548499871384013,1.1405010223388672,0.1410771929437206,1.1626958847045898,0.1357454301248635,1.3493549823760986,0.1333315246170613,1.4722998142242432,0.1316628946247054,1.5810439586639404,0.1305747710656924,1.7126028537750244,0.1297320025959904,1.870642900466919,0.1292587969406151,2.136971950531006,0.1288268717599439,2.106281042098999,0.14164747865870594,1.3217720985412598,0.13344099591486155,1.4295599460601807
machine-1-4.out,0.0,0.0,0.0,0.0,0.008382546618844,0.0175093786631785,0.0259984244601668,0.0425255567471337,0.0551344958079479,0.0641934705263523,0.0689193753659549,0.0746998116767069,0.0812949798355117,0.0871853360936793,0.0945373144329028,0.1018697103730513,0.1088604198796709,0.1160888851380708,0.1243026365905394,0.1314816114893506,0.269124299287796,0.2096941469692886,0.1282840096950531,0.0654617722332477,0.0654617722332477,0.0715656606853008,0.0830003213882446,0.0981824468076229,0.1046624399721622,0.1085897788405418,0.113713656514883,0.119202850908041,0.1252427232265472,0.102423885166645,0.0,0.0,0.0,0.0,0.0122093613796206,0.0251627668988177,0.0372415507504591,0.0526642388345637,0.0651573562434857,0.0780225926792299,0.0825344611116731,0.0910447260238774,0.0945930759561495,0.1015824280242864,0.107948982165345,0.1156537729111781,0.1221293672089353,0.1300118581052656,0.139424459263482,0.147464367121865,0.1572848028589923,0.170134451024836,0.1742383032958479,0.1805885344272834,0.1901852239213255,0.2130409771137905,0.2340051592093273,0.243100580359014,0.2546503354355519,0.2671467629935384,0.2864337696732336,0.3163900283342012,0.3324132266554964,0.3412008837661475,0.3493026663976865,0.362546018471841,0.3637693829743865,0.3649840735440023,0.0,0.0,0.0,0.0,0.0122093613796206,0.0251627668988177,0.0372415507504591,0.0526642388345637,0.0651573562434857,0.0780225926792299,0.0825344611116731,0.0910447260238774,0.0945930759561495,0.1015824280242864,0.107948982165345,0.1156537729111781,0.1221293672089353,0.1300118581052656,0.139424459263482,0.147464367121865,0.1572848028589923,0.170134451024836,0.1742383032958479,0.1805885344272834,0.1901852239213255,0.2130409771137905,0.2340051592093273,0.243100580359014,0.2546503354355519,0.2671467629935384,0.2864337696732336,0.3163900283342012,0.3324132266554964,0.3412008837661475,0.3493026663976865,0.362546018471841,0.3637693829743865,0.3649840735440023,0.1042198535465946,0.0911635587889042,0.0882036279949147,0.0904300928645691,0.0875880727537509,0.083161559846885,0.2253648042678833,0.662543773651123,0.1215212162245403,1.147839069366455,0.1187664192347299,1.3292601108551023,0.1187858168155916,1.5984978675842283,0.1184509730920559,1.8238322734832764,0.11836795932522,2.087303876876831,0.1178278737380856,2.3703970909118652,0.1182877123355865,2.600512981414795,0.1181610539371584,2.914381980895996,0.117988258927733,3.174968004226685,0.11895461082458496,1.3132789134979248,0.11861655432730914,1.8090949058532715
machine-3-7.out,0.0,0.0,0.0,0.0,0.0,0.0772406153389929,0.1358212741074227,0.1821634355700189,0.2199771839039134,0.2423367981918473,0.2547082893897224,0.2746397082281474,0.3030172045186776,0.3301401263826237,0.3534172342442889,0.3756102147429947,0.3973610583331166,0.415954860058,0.4311003482138095,0.448618892058875,0.0816382840275764,0.1172943567706094,0.2061984194070101,0.0189931507408618,0.0189931507408618,0.0189931507408618,0.039979668110609,0.0550038880854845,0.0673385373502969,0.0941937832161784,0.1403111532703042,0.1776187933608889,0.1966865829378366,0.0606498763337731,0.0,0.0,0.0,0.0,0.0,0.0772406153389929,0.1358212741074227,0.1821634355700189,0.2199771839039134,0.2458549984609137,0.2589559247974686,0.2770039787192496,0.3072481446437323,0.3352274430519102,0.358482573056789,0.3810700775021808,0.403918614233827,0.4217817444262955,0.4383203994485569,0.4560803003131282,0.4724217948765574,0.484670671153212,0.4964248583158617,0.5046158493983769,0.5125049851811793,0.5207734460164684,0.5277860012544972,0.5342349658583796,0.5498946905771609,0.5650861839504339,0.5801911425520367,0.5919809598579879,0.6074920095209216,0.629984731831158,0.6429791546155784,0.6640039027501508,0.6772977119320969,0.6958335741697002,0.0,0.0,0.0,0.0,0.0,0.0772406153389929,0.1358212741074227,0.1821634355700189,0.2199771839039134,0.2458549984609137,0.2589559247974686,0.2770039787192496,0.3072481446437323,0.3352274430519102,0.358482573056789,0.3810700775021808,0.403918614233827,0.4217817444262955,0.4383203994485569,0.4560803003131282,0.4724217948765574,0.484670671153212,0.4964248583158617,0.5046158493983769,0.5125049851811793,0.5207734460164684,0.5277860012544972,0.5342349658583796,0.5498946905771609,0.5650861839504339,0.5801911425520367,0.5919809598579879,0.6074920095209216,0.629984731831158,0.6429791546155784,0.6640039027501508,0.6772977119320969,0.6958335741697002,0.2445957823661428,0.2442424900042583,0.2436561232927472,0.2442424900042583,0.2448288567157694,0.2454152234272804,0.1643789708614349,0.765740156173706,0.0637609752064401,1.1068599224090576,0.061653753387786,1.1617059707641602,0.0611278660475246,1.2653439044952393,0.0610478455427943,1.3688502311706543,0.0605157195937399,1.5038621425628662,0.0604227658849759,1.5790019035339355,0.0604238784544065,1.7419090270996094,0.0605646205353148,1.8337960243225095,0.0604156741647274,2.1159439086914062,0.06155229015275836,1.1951720714569092,0.060736003890633584,1.3476905822753906
machine-2-5.out,0.0,0.0,0.0,0.0,0.0,0.0,0.0,0.0354534236039453,0.0563810268741011,0.0679168424160348,0.0832920039138917,0.0962286424429962,0.1069658637038296,0.1207885468749436,0.1286515162060908,0.1492264537986982,0.1658018090972031,0.183864516364604,0.2056306830279601,0.2195643546338762,0.1697893440723419,0.2024379132425725,0.1197058933973312,0.0682356393337249,0.0682356393337249,0.0682356393337249,0.0682356393337249,0.083999697715044,0.0913993188738823,0.0960576653480529,0.1010369391739368,0.1091587868332862,0.1166315549612045,0.0876324023306369,0.0,0.0,0.0,0.0,0.0,0.0,0.0,0.0617522642204602,0.1069411780808369,0.1312260620721327,0.1549940628885561,0.1731289081203484,0.1929739939669501,0.2081959607184696,0.2195386201180259,0.2316626668337155,0.2418144396025569,0.2670315855215342,0.2763178669037875,0.2939471272272574,0.3072183740173514,0.3167012842259526,0.3256049050214448,0.3332423425389325,0.3431692135440666,0.3495161016640171,0.3522626384263868,0.3679612179324372,0.4011727816029827,0.4209624896081204,0.4457907286937361,0.4480532310396297,0.4558827444443485,0.4594658047428717,0.4617896264473951,0.4625102322655515,0.4625102322655515,0.4628653577838413,0.0,0.0,0.0,0.0,0.0,0.0,0.0,0.0617522642204602,0.1069411780808369,0.1312260620721327,0.1549940628885561,0.1731289081203484,0.1929739939669501,0.2081959607184696,0.2195386201180259,0.2316626668337155,0.2418144396025569,0.2670315855215342,0.2763178669037875,0.2939471272272574,0.3072183740173514,0.3167012842259526,0.3256049050214448,0.3332423425389325,0.3431692135440666,0.3495161016640171,0.3522626384263868,0.3679612179324372,0.4011727816029827,0.4209624896081204,0.4457907286937361,0.4480532310396297,0.4558827444443485,0.4594658047428717,0.4617896264473951,0.4625102322655515,0.4625102322655515,0.4628653577838413,0.1500666996929871,0.1546500847175375,0.1520381070086746,0.1468688091493631,0.1397402594460197,0.1346788704782111,0.6564693450927734,0.7286100387573242,0.1656085510145534,1.1700870990753174,0.1514266583891142,1.4131767749786377,0.1469318200984309,1.7190639972686768,0.144471782009776,1.9852080345153809,0.1435105137380899,2.3144609928131104,0.1431945366937606,2.58492112159729,0.1429278511606471,3.0168209075927734,0.142535390585293,3.413321018218994,0.1421326041057869,3.655935049057007,0.15226457007229327,1.3981819152832031,0.1446814188733697,2.0315189361572266
machine-2-2.out,0.0,0.0,0.0,0.0,0.0,0.0,0.0,0.0010506151560971,0.0019713694469187,0.0027953352784594,0.0035446150908445,0.0045810278019685,0.0052334891808525,0.0055725401596825,0.0060240967975339,0.0067734684592629,0.0070466489327918,0.0073033785731759,0.0080205907344806,0.0088768308620952,0.2353150844573974,0.1883141508439439,0.1331499800086021,0.130864694416523,0.130864694416523,0.130864694416523,0.130864694416523,0.1305886575579643,0.1312518000602722,0.131546593606472,0.1317649546265602,0.132262834906578,0.1326819825172424,0.1308991852402687,0.0,0.0,0.0,0.0,0.0,0.0,0.0,0.0010506151560971,0.0019713694469187,0.0032275993086111,0.0044535967127081,0.0054034142408998,0.0058594941575719,0.00671800041532,0.0079606604426609,0.0080572212174218,0.0084944344776947,0.0087241715770921,0.0091662919697598,0.0099334746855349,0.0102388900613013,0.0104882872709563,0.0106269799784959,0.0106687670568423,0.0108952943832762,0.0111943371012444,0.0147935174996393,0.0212464512450872,0.0416808325901951,0.0724149996852674,0.1083884396063545,0.1428690820415823,0.1885489111092135,0.2333137063594717,0.2422531694704796,0.2496331851563128,0.3075489328081893,0.3075489328081893,0.0,0.0,0.0,0.0,0.0,0.0,0.0,0.0010506151560971,0.0019713694469187,0.0032275993086111,0.0044535967127081,0.0054034142408998,0.0058594941575719,0.00671800041532,0.0079606604426609,0.0080572212174218,0.0084944344776947,0.0087241715770921,0.0091662919697598,0.0099334746855349,0.0102388900613013,0.0104882872709563,0.0106269799784959,0.0106687670568423,0.0108952943832762,0.0111943371012444,0.0147935174996393,0.0212464512450872,0.0416808325901951,0.0724149996852674,0.1083884396063545,0.1428690820415823,0.1885489111092135,0.2333137063594717,0.2422531694704796,0.2496331851563128,0.3075489328081893,0.3075489328081893,0.0107250316407028,0.0039879366436029,0.0041378338111554,0.0039627004007065,0.0036561309394699,0.0036548528988338,0.1509146988391876,0.6712939739227295,0.131716483018615,1.441572904586792,0.1311351124729429,2.2712759971618652,0.1309714884527268,2.4026238918304443,0.1308883632101663,2.895366907119751,0.1308607593470928,3.4511587619781494,0.1307961474188038,3.8094191551208496,0.1308127215630571,4.430585145950317,0.130800383326448,4.961510896682739,0.1307849715371708,5.38067889213562,0.13116804361343384,1.789335012435913,0.13087867572903633,2.83627986907959
machine-2-3.out,0.0,0.0,0.0,0.0,0.0,0.0,0.0368110700810756,0.0815025627092592,0.1308580129341766,0.1795532790530325,0.2164962324392316,0.2520505910818077,0.2872207169338224,0.3095251579717493,0.3299013499576755,0.3558939803451204,0.3698615026765046,0.3797602121594837,0.399467325870436,0.4173824955780001,0.3086200952529907,0.4383047707019845,0.2959469756484031,0.0266013829410076,0.0266013829410076,0.0266013829410076,0.0417339081317186,0.1022812431305646,0.1638941276818513,0.2175519389659166,0.2391743852198123,0.2569334131479263,0.2810078966617584,0.1421496938169002,0.0,0.0,0.0,0.0,0.0,0.0,0.0793879494048506,0.1211035882577453,0.1725473823845024,0.2148211919734365,0.246848885445858,0.2834057181401122,0.3139298559964892,0.3399834506645046,0.3698390118807229,0.3896063479887707,0.4056297217647793,0.4242011078651505,0.4502758435242874,0.4705461174859743,0.4848682392899371,0.5037234442882241,0.5263523658070437,0.5420290525071348,0.5573830047751407,0.5616177064411468,0.5688065717387231,0.579493571999948,0.588744817679424,0.5949775646578253,0.5987477717045239,0.6025754245685507,0.6074969687337458,0.6121791354175551,0.6134536692671405,0.6145379685281933,0.6145379685281933,0.6180842131049766,0.0,0.0,0.0,0.0,0.0,0.0,0.0793879494048506,0.1211035882577453,0.1725473823845024,0.2148211919734365,0.246848885445858,0.2834057181401122,0.3139298559964892,0.3399834506645046,0.3698390118807229,0.3896063479887707,0.4056297217647793,0.4242011078651505,0.4502758435242874,0.4705461174859743,0.4848682392899371,0.5037234442882241,0.5263523658070437,0.5420290525071348,0.5573830047751407,0.5616177064411468,0.5688065717387231,0.579493571999948,0.588744817679424,0.5949775646578253,0.5987477717045239,0.6025754245685507,0.6074969687337458,0.6121791354175551,0.6134536692671405,0.6145379685281933,0.6145379685281933,0.6180842131049766,0.224237970840418,0.2332360702258276,0.2328896392742726,0.2351857720709809,0.2316360313010912,0.2182793855520113,0.7321871519088745,0.6146411895751953,0.2175873155620965,1.0387282371520996,0.2092168856234777,1.0935680866241455,0.2053694746667339,1.2075140476226809,0.2042262039896918,1.329754114151001,0.2029627123299767,1.4958550930023191,0.20271141924819,1.6325628757476809,0.201923518533438,1.813654899597168,0.2016998820098829,1.9884469509124756,0.2013124649996286,2.084357738494873,0.20914312060922385,1.0668909549713135,0.20409994022920727,1.341425895690918
machine-2-4.out,0.0,0.0,0.0,0.0,0.0,0.0,0.0,0.0,0.0214202415923747,0.0371954058132743,0.0515880561857529,0.0643601226039781,0.0736128273711247,0.0832811932812308,0.0934976867388657,0.1025752786520435,0.1101736875086477,0.1168014822077304,0.1217529054039539,0.1268230526866414,0.2779209315776825,0.2830678711151099,0.1264616513252258,0.0941174215078353,0.0941174215078353,0.0941174215078353,0.0941174215078353,0.0942578311264514,0.1077363727986812,0.1152055406570434,0.120356553196907,0.1233826541900634,0.1255309373140335,0.1018846072256565,0.0,0.0,0.0,0.0,0.0,0.0,0.0,0.0,0.020592346968952,0.0372747873752778,0.0552878406046079,0.0692693325135513,0.0808121862275012,0.0905667044362044,0.100774810806608,0.1118017271194945,0.1205195323918467,0.12921988916682,0.1351793840720531,0.1401711424953755,0.1427248789889402,0.14985505174525,0.1582283809023311,0.1676107777522142,0.1768663696367222,0.1863296906535388,0.1949883232532158,0.2050930219578612,0.2177714227775176,0.2311535893494158,0.2485667557668598,0.254476524852439,0.265738266715619,0.2750211017307167,0.3067414498082043,0.3462758588236481,0.3838710156437684,0.4308614854031272,0.0,0.0,0.0,0.0,0.0,0.0,0.0,0.0,0.020592346968952,0.0372747873752778,0.0552878406046079,0.0692693325135513,0.0808121862275012,0.0905667044362044,0.100774810806608,0.1118017271194945,0.1205195323918467,0.12921988916682,0.1351793840720531,0.1401711424953755,0.1427248789889402,0.14985505174525,0.1582283809023311,0.1676107777522142,0.1768663696367222,0.1863296906535388,0.1949883232532158,0.2050930219578612,0.2177714227775176,0.2311535893494158,0.2485667557668598,0.254476524852439,0.265738266715619,0.2750211017307167,0.3067414498082043,0.3462758588236481,0.3838710156437684,0.4308614854031272,0.0616866117484197,0.0488252974028697,0.0417374928256627,0.0410328797600427,0.0405453230059602,0.038348275555441,0.1971384435892105,0.68927001953125,0.1065555519678376,1.3313868045806885,0.1049327233007976,1.5972988605499268,0.1044738665223121,1.9722471237182615,0.1038864120477583,2.359955072402954,0.1037720031305855,2.711333990097046,0.1036473177984112,3.08008074760437,0.1035260774300132,3.44543194770813,0.1035298441111305,3.80293083190918,0.1034863985010555,4.2955241203308105,0.10493149943649768,1.49912691116333,0.10394050665199757,2.2761619091033936
machine-3-2.out,0.0036068530207394,0.0036068530207394,0.0036068530207394,0.0036068530207394,0.0036068530207394,0.0036068530207394,0.0049379204617712,0.0075302003128742,0.0075302003128742,0.0075302003128742,0.0075302003128742,0.0075302003128742,0.0075302003128742,0.0075302003128742,0.0075302003128742,0.0075302003128742,0.0075302003128742,0.0075302003128742,0.0075302003128742,0.0075302003128742,0.0753439515829086,0.0542398584347288,0.0530027446895837,0.0533747927099466,0.0533747927099466,0.0533747927099466,0.0531972430646419,0.0530027446895837,0.0530027446895837,0.0530027446895837,0.0530027446895837,0.0530027446895837,0.0530027446895837,0.0530027446895837,0.0036068530207394,0.0036068530207394,0.0036068530207394,0.0036068530207394,0.0036068530207394,0.0036068530207394,0.0071673226108093,0.0076497082391559,0.0076497082391559,0.0076497082391559,0.0076497082391559,0.0076497082391559,0.0076497082391559,0.0076497082391559,0.0076497082391559,0.0076497082391559,0.0076497082391559,0.0076497082391559,0.0076497082391559,0.0076497082391559,0.0076497082391559,0.0092060519747214,0.0116590385760423,0.0252297430438391,0.0435647607017807,0.0616583410736438,0.0862325765627957,0.0877835328448259,0.1010366607743096,0.1086251908584888,0.1308601729696226,0.1478083847182165,0.175557224897126,0.2241712767718213,0.2526321426055557,0.2528348572711443,0.271175081290692,0.3110688301078468,0.0036068530207394,0.0036068530207394,0.0036068530207394,0.0036068530207394,0.0036068530207394,0.0036068530207394,0.0071673226108093,0.0076497082391559,0.0076497082391559,0.0076497082391559,0.0076497082391559,0.0076497082391559,0.0076497082391559,0.0076497082391559,0.0076497082391559,0.0076497082391559,0.0076497082391559,0.0076497082391559,0.0076497082391559,0.0076497082391559,0.0076497082391559,0.0092060519747214,0.0116590385760423,0.0252297430438391,0.0435647607017807,0.0616583410736438,0.0862325765627957,0.0877835328448259,0.1010366607743096,0.1086251908584888,0.1308601729696226,0.1478083847182165,0.175557224897126,0.2241712767718213,0.2526321426055557,0.2528348572711443,0.271175081290692,0.3110688301078468,0.0099976426891738,0.0078385583556792,0.0076497082391559,0.0076497082391559,0.0076497082391559,0.0076497082391559,0.0786242857575416,0.7005093097686768,0.0543070405044338,1.2412118911743164,0.0533875782220136,1.4479990005493164,0.0531278359553506,1.780655860900879,0.0531080271594408,2.2473888397216797,0.052993527595319,2.370950222015381,0.0530063480627341,2.7096900939941406,0.0529900936173721,2.983833074569702,0.0529535565479302,3.398812055587769,0.0529196557926607,5.427160739898682,0.05340701229870319,1.4361028671264648,0.05312905926257372,2.143204927444458
machine-1-8.out,0.0,0.0,0.0,0.0,0.0,0.0,0.0,0.0,0.0114989702875674,0.0437217970241298,0.0513759895189225,0.0950458646107345,0.1032062867734257,0.1096514287489498,0.1218040081702269,0.1265340558382117,0.1315088861633059,0.1353826981575741,0.1389746019046658,0.144311187516499,0.1935344189405441,0.14259135215476,0.1422931671142578,0.0953039266169071,0.0953039266169071,0.0953039266169071,0.0953039266169071,0.0984832125902175,0.1103669866919517,0.1225860498845577,0.1317120461165905,0.1353537344932556,0.1399033731222152,0.1068099872767925,0.0,0.0,0.0,0.0,0.0,0.0,0.0,0.0,0.0127972411264863,0.0435999503361041,0.0513127318915096,0.0914547797563436,0.1016530845006548,0.1075171470423265,0.1176826253764152,0.1263219979447287,0.1349281087859065,0.1387565617372501,0.1434398919698548,0.1494261280846345,0.1550643530291964,0.1610917837142396,0.1707749177334389,0.1804097705137296,0.187864326546959,0.1946098083805218,0.1972241646560132,0.2007909367986149,0.2042479720526494,0.2149449376127236,0.2238309992694028,0.2353092129108989,0.2458950035020539,0.2582608405146113,0.2671923974647691,0.2744972121051807,0.3223431988262183,0.3716466951590857,0.0,0.0,0.0,0.0,0.0,0.0,0.0,0.0,0.0127972411264863,0.0435999503361041,0.0513127318915096,0.0914547797563436,0.1016530845006548,0.1075171470423265,0.1176826253764152,0.1263219979447287,0.1349281087859065,0.1387565617372501,0.1434398919698548,0.1494261280846345,0.1550643530291964,0.1610917837142396,0.1707749177334389,0.1804097705137296,0.187864326546959,0.1946098083805218,0.1972241646560132,0.2007909367986149,0.2042479720526494,0.2149449376127236,0.2238309992694028,0.2353092129108989,0.2458950035020539,0.2582608405146113,0.2671923974647691,0.2744972121051807,0.3223431988262183,0.3716466951590857,0.0478817470306841,0.0477137885684675,0.0456304508849184,0.0413632008195349,0.042256202357608,0.0422876674336035,0.1843537837266922,0.6451549530029297,0.1102310588414018,1.326949119567871,0.1086905768939427,1.7517290115356443,0.1084388285394637,2.846207857131958,0.1086390748983476,2.4077939987182617,0.1085810784031363,2.9531190395355225,0.1084076022026968,3.3470609188079834,0.1082543342466085,3.59788179397583,0.1082406433092223,3.991261959075928,0.1081759309048181,4.46016001701355,0.10874724648892879,1.6680810451507568,0.108545564673841,2.3538620471954346
machine-3-5.out,0.0,0.0,0.0,0.0,0.0,0.0,0.0,0.0,0.0562921716391858,0.111917275545631,0.1604864895168993,0.1983605822004996,0.2204790982399042,0.2470087544712444,0.2682692052919584,0.280635607521156,0.2974689187883491,0.319296440365712,0.336256862763782,0.3476599975934213,0.1366473585367202,0.2498599142269508,0.137322632074356,0.0336252363026142,0.0336252363026142,0.0336252363026142,0.0336252363026142,0.0488265640288591,0.0806989704072475,0.1007653611153364,0.1154729689657688,0.1239111973345279,0.1342199502885341,0.065783049762249,0.0,0.0,0.0,0.0,0.0,0.0,0.0,0.0,0.0640985583854083,0.1222139052788125,0.1738535812989472,0.2176102589487521,0.243548486327444,0.27208739634717,0.294505793300667,0.3057971993299391,0.3207744085237707,0.3413186733589478,0.3563240365049878,0.3670046992878424,0.3776355561384887,0.3872034024921473,0.3924987228560471,0.3976052511163491,0.4179194500850385,0.4259062788489165,0.4351579916848733,0.4471369134872507,0.4592032101110773,0.4694495523744679,0.4777256436301544,0.4925850828989302,0.5045503132982476,0.5150943805320881,0.5166929415565246,0.5295603456650795,0.5405525005856451,0.5496725030301675,0.0,0.0,0.0,0.0,0.0,0.0,0.0,0.0,0.0640985583854083,0.1222139052788125,0.1738535812989472,0.2176102589487521,0.243548486327444,0.27208739634717,0.294505793300667,0.3057971993299391,0.3207744085237707,0.3413186733589478,0.3563240365049878,0.3670046992878424,0.3776355561384887,0.3872034024921473,0.3924987228560471,0.3976052511163491,0.4179194500850385,0.4259062788489165,0.4351579916848733,0.4471369134872507,0.4592032101110773,0.4694495523744679,0.4777256436301544,0.4925850828989302,0.5045503132982476,0.5150943805320881,0.5166929415565246,0.5295603456650795,0.5405525005856451,0.5496725030301675,0.1163565510352303,0.1171928077684909,0.1184122914459871,0.1194762487773462,0.1208327134822792,0.1215979816671643,0.2629693150520324,0.646613597869873,0.0732124132866209,1.1265220642089844,0.0692767846797193,1.3390820026397705,0.0691138586450007,1.5278658866882324,0.067933764308691,1.8305258750915527,0.0679303371877062,2.0404579639434814,0.0674606050502081,2.2563397884368896,0.0675169782529414,3.6250290870666504,0.0675048929305724,2.9695680141448975,0.0677301473915577,2.9066338539123535,0.07032380569726229,1.266671895980835,0.06824002563953399,1.7048380374908447
machine-1-1.out,0.0096510764662212,0.0096510764662212,0.0096510764662212,0.0096510764662212,0.0096510764662212,0.0096510764662212,0.0294454374852904,0.0451044193690684,0.0645154031952286,0.078333211884304,0.0887070961899668,0.1026514538320814,0.1245271959741963,0.1453890730128617,0.1725499954493187,0.1930749641786446,0.2142159091276499,0.2390682327874406,0.251070471112386,0.2627751976936805,0.3659795820713043,0.4008941872857346,0.2363023303449153,0.101334082186222,0.101334082186222,0.101334082186222,0.0993588940799236,0.1171602939069271,0.1330755077302456,0.1501961271464824,0.1781840521097183,0.200866313278675,0.2262423850595951,0.1269107595086097,0.0096510764662212,0.0096510764662212,0.0096510764662212,0.0096510764662212,0.0096510764662212,0.0096510764662212,0.0295474702740485,0.0453167879128759,0.0649268369965283,0.0788574755355196,0.0891771751694783,0.1027714470018348,0.1257726433148314,0.1478192675568189,0.1748901322943429,0.2018652704588081,0.2238530270397678,0.2466754947867777,0.2665700783347768,0.2841651173330308,0.2976324460701987,0.3145672754986333,0.326118145754305,0.3380240678043532,0.3487032033815262,0.3647112922478804,0.384304314308075,0.4039575532727988,0.4193952694356535,0.4360527040554763,0.4592829276281182,0.4833690399252462,0.5079928858024453,0.521556872718775,0.5281013197681662,0.5340056704919036,0.5381612162523317,0.5417771644730636,0.0096510764662212,0.0096510764662212,0.0096510764662212,0.0096510764662212,0.0096510764662212,0.0096510764662212,0.0295474702740485,0.0453167879128759,0.0649268369965283,0.0788574755355196,0.0891771751694783,0.1027714470018348,0.1257726433148314,0.1478192675568189,0.1748901322943429,0.2018652704588081,0.2238530270397678,0.2466754947867777,0.2665700783347768,0.2841651173330308,0.2976324460701987,0.3145672754986333,0.326118145754305,0.3380240678043532,0.3487032033815262,0.3647112922478804,0.384304314308075,0.4039575532727988,0.4193952694356535,0.4360527040554763,0.4592829276281182,0.4833690399252462,0.5079928858024453,0.521556872718775,0.5281013197681662,0.5340056704919036,0.5381612162523317,0.5417771644730636,0.0908967523875656,0.0839005409187317,0.0806765714033361,0.0788237656139719,0.0785797260069262,0.0782604493421595,0.3631238937377929,0.8007180690765381,0.1397009498693726,1.4168012142181396,0.1345923617482185,1.7456870079040527,0.1336653650768341,2.261790990829468,0.133238657218654,2.6237900257110596,0.1317901228572808,3.018282890319824,0.1317867624466536,3.422001838684082,0.1313872985856634,3.9298479557037354,0.1313750092630033,4.4946839809417725,0.1315062212256285,4.898796081542969,0.1344249915331602,1.7584986686706543,0.13305706325918437,2.557331085205078
machine-1-6.out,0.0,0.0,0.0,0.0,0.1180421085709741,0.199328731510387,0.2607555626703089,0.308187226251728,0.3463365984070884,0.3788747591371081,0.4046990984056947,0.4255490812668832,0.4424531543340971,0.4542931937558621,0.4601393127761275,0.4649051804816725,0.4729115419318952,0.4810742973389332,0.4867337856844712,0.489034324401927,0.7383658289909363,0.7307627991250911,0.5834615278244019,0.1820322859287262,0.1820322859287262,0.2480714216828346,0.3796731805801391,0.4488323378562927,0.4926071369647979,0.5224622070789338,0.5471513158082962,0.5623554766178132,0.5797228753566742,0.4738785526156425,0.0,0.0,0.0,0.0,0.1190682539991991,0.2001861308879361,0.2613614310060811,0.3086371517896221,0.3476375383999643,0.3802784366183235,0.4069481069478473,0.429793242891163,0.4474252319619645,0.4601394345950786,0.4653211739971468,0.4699860400441716,0.4781435165327014,0.4853419741998517,0.4927543136390968,0.4963817924210479,0.4961542726905266,0.5096457048426211,0.5228853981950227,0.5356156828330403,0.5517587982237803,0.5664716697685317,0.5808958964136358,0.599465394786866,0.6172866286862965,0.6262421659607637,0.6346846134830395,0.6396073285649649,0.6437161081664607,0.6673530555220186,0.6788242635647587,0.7007345308165942,0.7007797722372324,0.7057061316370355,0.0,0.0,0.0,0.0,0.1190682539991991,0.2001861308879361,0.2613614310060811,0.3086371517896221,0.3476375383999643,0.3802784366183235,0.4069481069478473,0.429793242891163,0.4474252319619645,0.4601394345950786,0.4653211739971468,0.4699860400441716,0.4781435165327014,0.4853419741998517,0.4927543136390968,0.4963817924210479,0.4961542726905266,0.5096457048426211,0.5228853981950227,0.5356156828330403,0.5517587982237803,0.5664716697685317,0.5808958964136358,0.599465394786866,0.6172866286862965,0.6262421659607637,0.6346846134830395,0.6396073285649649,0.6437161081664607,0.6673530555220186,0.6788242635647587,0.7007345308165942,0.7007797722372324,0.7057061316370355,0.3822527734957106,0.3830076567026343,0.3808794996584498,0.3805178966365129,0.3802130226067943,0.3801309260143281,0.6842976212501526,0.8100197315216064,0.5289886390621011,1.6764369010925293,0.5332695167689097,2.525179862976074,0.5353338516527607,3.374709129333496,0.5351581079203908,4.11404013633728,0.536390012677978,4.968967914581299,0.5367052579512361,5.815865993499756,0.536742594250491,6.713624954223633,0.536065806945165,7.564947128295898,0.5367717587358349,8.186804056167603,0.5316009052097798,2.4376680850982666,0.5355749931186438,4.103265047073364
machine-1-7.out,0.0,0.0,0.0,0.0,0.0274119031833541,0.0520113056237051,0.0664649286576195,0.0663523611603708,0.0661420356907603,0.0684896510598773,0.0706993867704538,0.0733842796268995,0.0765927655574246,0.0799397026548781,0.0841933435264025,0.0872627133074636,0.0893647291681785,0.0912516023328177,0.1021103587764431,0.1191879764587257,0.2861619293689728,0.2565513810732502,0.1416390967369079,0.1107366669178009,0.1107366669178009,0.1059182475507259,0.1142768217623233,0.1140295150876045,0.1151778048276901,0.116810503154993,0.1208627627789974,0.125972601622343,0.1336824412643909,0.1146322029829025,0.0,0.0,0.0,0.0,0.0375887774190904,0.0649568892820742,0.0864954436863306,0.0906446910580641,0.0964447924580141,0.1028114444640918,0.1082795034450651,0.1118408733058092,0.1153487083881862,0.1177190363855739,0.1222328109005538,0.1248262704389825,0.1263412211331411,0.1290201448194541,0.139557125320065,0.155570071987285,0.1727489421019697,0.1912115123745102,0.2213011911026899,0.2533312642703912,0.2917621681848744,0.3179094584457394,0.3568180441726055,0.3884488626667691,0.4200695218233874,0.4347278055175015,0.4492521956595842,0.4501781020513315,0.4511269835904774,0.4688253992958187,0.4699622558547546,0.4708086831893298,0.4879072477577442,0.4880523782864865,0.0,0.0,0.0,0.0,0.0375887774190904,0.0649568892820742,0.0864954436863306,0.0906446910580641,0.0964447924580141,0.1028114444640918,0.1082795034450651,0.1118408733058092,0.1153487083881862,0.1177190363855739,0.1222328109005538,0.1248262704389825,0.1263412211331411,0.1290201448194541,0.139557125320065,0.155570071987285,0.1727489421019697,0.1912115123745102,0.2213011911026899,0.2533312642703912,0.2917621681848744,0.3179094584457394,0.3568180441726055,0.3884488626667691,0.4200695218233874,0.4347278055175015,0.4492521956595842,0.4501781020513315,0.4511269835904774,0.4688253992958187,0.4699622558547546,0.4708086831893298,0.4879072477577442,0.4880523782864865,0.1053161094985022,0.1044112054562115,0.1029986079626316,0.1029396097259873,0.103050455519171,0.1038446996594472,0.4801634848117828,0.7022440433502197,0.1577909439802169,1.2212369441986084,0.1486208254382723,1.4527621269226074,0.1482397500545748,1.831959009170532,0.1463480560881335,2.2012197971343994,0.1456906772127338,2.5967578887939453,0.1452114722523532,3.3183398246765137,0.1451690610445721,3.224384069442749,0.144724274031174,3.5649831295013428,0.1447155802295758,3.898460865020752,0.1487596333026886,1.579883098602295,0.14628855865448714,2.2392749786376953
machine-3-4.out,0.0,0.0,0.0,0.0,0.0,0.0,0.0,0.0,0.0612575903826646,0.120080348844193,0.1662065188190365,0.2046441348853928,0.2245009834370727,0.2774436903300653,0.3114287330349989,0.330367206154477,0.3373209288837765,0.3442110292491812,0.3482245439370809,0.3499928406017235,0.1069236695766449,0.080315309741766,0.1976289401203393,0.0485537505894899,0.0485537505894899,0.0485537505894899,0.0485537505894899,0.0497481932491064,0.0858534061908721,0.1238989565521478,0.171231540068984,0.1821157991886139,0.1968797224760055,0.0650304920971393,0.0,0.0,0.0,0.0,0.0,0.0,0.0,0.0,0.0612575903826646,0.1251624227636947,0.1569961861634839,0.2060547953109179,0.2390232357633246,0.2748243722914294,0.3001020313054035,0.3248442952198082,0.3409868658413963,0.3484833150908479,0.3527017650602333,0.3546870452365113,0.3559743478822213,0.3577634606603641,0.3612248990111981,0.3624514101870377,0.3633326803903365,0.3677963879596947,0.3727689458433978,0.3755371002735361,0.3774499287806823,0.383205210245181,0.3853113408661888,0.3994532655614167,0.4072902153052022,0.4212133268048734,0.4259801476308595,0.4284352528818824,0.4692288716848203,0.46977413905643,0.0,0.0,0.0,0.0,0.0,0.0,0.0,0.0,0.0612575903826646,0.1251624227636947,0.1569961861634839,0.2060547953109179,0.2390232357633246,0.2748243722914294,0.3001020313054035,0.3248442952198082,0.3409868658413963,0.3484833150908479,0.3527017650602333,0.3546870452365113,0.3559743478822213,0.3577634606603641,0.3612248990111981,0.3624514101870377,0.3633326803903365,0.3677963879596947,0.3727689458433978,0.3755371002735361,0.3774499287806823,0.383205210245181,0.3853113408661888,0.3994532655614167,0.4072902153052022,0.4212133268048734,0.4259801476308595,0.4284352528818824,0.4692288716848203,0.46977413905643,0.1325370054187603,0.1280305804653847,0.1255177301652225,0.124811594321571,0.1244495294972743,0.1249314194037173,0.3548576533794403,0.6206731796264648,0.0797325606373223,1.1391088962554932,0.0787935354525134,1.3184261322021484,0.0780660411523234,1.5826208591461182,0.0766848842726975,1.815474271774292,0.0774587367971738,2.122087001800537,0.077048725769168,2.3834378719329834,0.077464301663805,2.6446821689605713,0.0771039945107919,2.833977699279785,0.0766542470799042,3.0979530811309814,0.07933022938668728,1.2806808948516846,0.07678086822852492,1.8237462043762207
machine-3-3.out,0.0,0.0,0.0,0.0109098109208731,0.048679732876315,0.073905378049515,0.0775563561800945,0.0794930860584508,0.0872380947216676,0.0915831102231077,0.0955262663808158,0.0993072008236917,0.1015634249403277,0.1066617574546807,0.1129247473572732,0.121440433678759,0.128970383540477,0.1446876608353821,0.1759684562961019,0.1846259843812094,0.1032040491700172,0.0552100744880859,0.1227009685337543,0.0760597969591617,0.0760597969591617,0.083143014460802,0.0884724731743335,0.0892505249381065,0.0903452923893928,0.0929138672351837,0.0979756571352481,0.1034977716207504,0.1195006519556045,0.0896741744875908,0.0,0.0,0.0,0.0133040321652403,0.0576958193436174,0.0927011717435837,0.1113992206872505,0.1178423870103363,0.1252051934222569,0.1275107811008259,0.1299304717051587,0.1334914281657488,0.1388642126732983,0.1476474183590959,0.15516768646892,0.1627956683808714,0.165774872863644,0.1785915528438872,0.206305023684953,0.2161192381794746,0.2172750777234902,0.2182196220843089,0.2232707138750317,0.2272344962704899,0.2312713791138879,0.2425439978200701,0.249409888247256,0.255813795895237,0.2578176877275822,0.2851305296757849,0.301159242486314,0.3155447639651751,0.3256954779547443,0.3332595062709651,0.3567390873033956,0.3665865588853763,0.3670110290945478,0.3670110290945478,0.0,0.0,0.0,0.0133040321652403,0.0576958193436174,0.0927011717435837,0.1113992206872505,0.1178423870103363,0.1252051934222569,0.1275107811008259,0.1299304717051587,0.1334914281657488,0.1388642126732983,0.1476474183590959,0.15516768646892,0.1627956683808714,0.165774872863644,0.1785915528438872,0.206305023684953,0.2161192381794746,0.2172750777234902,0.2182196220843089,0.2232707138750317,0.2272344962704899,0.2312713791138879,0.2425439978200701,0.249409888247256,0.255813795895237,0.2578176877275822,0.2851305296757849,0.301159242486314,0.3155447639651751,0.3256954779547443,0.3332595062709651,0.3567390873033956,0.3665865588853763,0.3670110290945478,0.3670110290945478,0.1242987404978636,0.1280046201986335,0.1345114559282904,0.1288863953487921,0.1263259461973682,0.1266360147624693,0.2272252738475799,0.6805751323699951,0.1058170775120908,1.4089348316192627,0.1032258080584662,1.8692190647125244,0.1023837671645226,2.4686431884765625,0.1016985292478305,2.98699688911438,0.1016943869637508,3.4997119903564453,0.1014474913722179,4.013574123382568,0.1013336920402419,4.71880030632019,0.1012357206624231,5.149471998214722,0.1011151643572272,5.674343109130859,0.10328839719295502,1.8646941184997559,0.10163486283272505,3.742405891418457
machine-2-8.out,0.0,0.0,0.0,0.0,0.1312050775123418,0.2248517476624745,0.2958750506849614,0.3520603761058622,0.3979058370958226,0.4362115423097745,0.4688221672217594,0.4970082723149861,0.5216769788078927,0.5434953753444702,0.5629663496327321,0.5804770841642783,0.5963311373534124,0.6107702914114366,0.6239898110015729,0.6361493379681386,0.7459977269172668,0.7484299530644699,0.78525914311409,0.0082469365838915,0.0082469365838915,0.1851924811303615,0.3958926072344184,0.524601027444005,0.6119826509803533,0.6721918222308159,0.7180441680550576,0.7508538636565208,0.7744867223501205,0.5722790753096342,0.0,0.0,0.0,0.0,0.1312050775123418,0.2248517476624745,0.2958750506849614,0.3520603761058622,0.3979058370958226,0.4362115423097745,0.4688221672217594,0.4970082723149861,0.5216769788078927,0.5434953753444702,0.5629663496327321,0.5804770841642783,0.5963311373534124,0.6107702914114366,0.6239898110015729,0.6361493379681386,0.6473808235218622,0.6577944046686884,0.667482825941362,0.6765248135197569,0.6849876828483011,0.692929377300555,0.7004000789508896,0.7074434936534127,0.714097885468398,0.720396916215006,0.7263703320842981,0.7320445291708334,0.737443022363452,0.7425868365162689,0.7620240553543313,0.7813137881874176,0.800462102140303,0.819474650186464,0.0,0.0,0.0,0.0,0.1312050775123418,0.2248517476624745,0.2958750506849614,0.3520603761058622,0.3979058370958226,0.4362115423097745,0.4688221672217594,0.4970082723149861,0.5216769788078927,0.5434953753444702,0.5629663496327321,0.5804770841642783,0.5963311373534124,0.6107702914114366,0.6239898110015729,0.6361493379681386,0.6473808235218622,0.6577944046686884,0.667482825941362,0.6765248135197569,0.6849876828483011,0.692929377300555,0.7004000789508896,0.7074434936534127,0.714097885468398,0.720396916215006,0.7263703320842981,0.7320445291708334,0.737443022363452,0.7425868365162689,0.7620240553543313,0.7813137881874176,0.800462102140303,0.819474650186464,0.4362115423097745,0.4362115423097745,0.4362115423097745,0.4362115423097745,0.4362115423097745,0.4362115423097745,1.0,0.6006252765655518,0.5685434619134123,0.9448606967926024,0.5706083912934575,0.919121026992798,0.5716087884239612,0.970484972000122,0.5718388611950526,1.0112769603729248,0.5722236611387309,1.07185697555542,0.5723196624732408,1.1172730922698977,0.572538760818646,1.173626184463501,0.5726873737610416,1.236823797225952,0.572553191784319,1.2935850620269775,0.5713920876383781,1.3831658363342285,0.5713338364847005,1.0302958488464355
machine-2-1.out,0.0,0.0,0.0,0.0,0.0,0.0569251003080477,0.0976230000644902,0.1210131969050455,0.1366476962961902,0.1527914943801759,0.1693196882501387,0.1817082119222602,0.195528761081614,0.20941059072094,0.2189965177927013,0.2280154254269251,0.2348584244956015,0.2410377641077032,0.2473290810839059,0.2521530354786275,0.2374520450830459,0.1626748722874289,0.2156647382676601,0.0762243829667568,0.0762243829667568,0.0762243829667568,0.1248065061867237,0.1505989719927311,0.1695343047380447,0.1828307005763053,0.1952909463644027,0.207226225733757,0.2136480548977851,0.1611859889328479,0.0,0.0,0.0,0.0,0.0,0.0628634607518806,0.1100680545767054,0.1349312066797071,0.1545061619535522,0.1736579069467154,0.1879383032448591,0.2010355757768777,0.2161611907941074,0.2290832446213781,0.2360013257713921,0.2420845936915989,0.2493577562443053,0.2540041021096723,0.2591725682651146,0.2648720713423111,0.2668276499852876,0.2712428840459396,0.2748020038044355,0.2844342988776159,0.2905916380040402,0.2975906600973395,0.3125441849529178,0.3331222902207019,0.3634391517193697,0.3803726131753702,0.4170475949415853,0.4592059010343546,0.4817661927328439,0.4907736332061359,0.4935350444004868,0.4949330889986202,0.4949330889986202,0.5020988974946948,0.0,0.0,0.0,0.0,0.0,0.0628634607518806,0.1100680545767054,0.1349312066797071,0.1545061619535522,0.1736579069467154,0.1879383032448591,0.2010355757768777,0.2161611907941074,0.2290832446213781,0.2360013257713921,0.2420845936915989,0.2493577562443053,0.2540041021096723,0.2591725682651146,0.2648720713423111,0.2668276499852876,0.2712428840459396,0.2748020038044355,0.2844342988776159,0.2905916380040402,0.2975906600973395,0.3125441849529178,0.3331222902207019,0.3634391517193697,0.3803726131753702,0.4170475949415853,0.4592059010343546,0.4817661927328439,0.4907736332061359,0.4935350444004868,0.4949330889986202,0.4949330889986202,0.5020988974946948,0.1565614768275449,0.1663478548948945,0.1690383981356697,0.1708002171505079,0.1730643354013946,0.1740206226022436,0.5017594695091248,0.6635787487030029,0.1835073909976265,1.2927539348602295,0.1799460528861908,1.7379710674285889,0.1784011990793289,2.1110548973083496,0.1773454132603436,2.3133180141448975,0.1763122984591652,2.6304938793182373,0.1767920165276918,2.9928510189056396,0.1766384494766383,3.3110461235046387,0.1761332692371474,3.683703184127808,0.1760713013482618,4.004011154174805,0.18025580048561096,1.6055359840393066,0.1773800065740943,2.344754934310913
machine-2-6.out,0.0,0.0,0.0,0.0,0.0,0.0,0.0,0.0,0.0220277368282609,0.0404327866467947,0.0581477709672203,0.0685020509173972,0.0943637676088599,0.109296046742382,0.120182405788783,0.1310374576344785,0.1434935351160414,0.1560396107208876,0.1711893576701104,0.1824579686780686,0.2314964979887008,0.240793085661323,0.1544311185926199,0.0252307210862636,0.0252307210862636,0.0252307210862636,0.0252307210862636,0.0334730676561594,0.0572403270006179,0.0902038672193884,0.110544353686273,0.1280423731729388,0.1467185596376657,0.0440223997831344,0.0,0.0,0.0,0.0,0.0,0.0,0.0,0.0,0.0251983959171772,0.046102608423244,0.0658087740528033,0.0810151268222714,0.1036171684921265,0.1150939659006402,0.1280269634414673,0.1417936280696601,0.1600246756764545,0.1781975021463752,0.1955851511375359,0.2057439235731222,0.2157366876808461,0.2297872726983024,0.2384703995397307,0.2569562374633134,0.2705344287548956,0.2832910362764619,0.2972919907297118,0.3139611090156859,0.3299295224007444,0.3593956117513092,0.3657766220501424,0.3700586418851689,0.3772375604250758,0.3846845219842773,0.3882097448087089,0.3884845238548651,0.4069059491861602,0.4507273568548632,0.0,0.0,0.0,0.0,0.0,0.0,0.0,0.0,0.0251983959171772,0.046102608423244,0.0658087740528033,0.0810151268222714,0.1036171684921265,0.1150939659006402,0.1280269634414673,0.1417936280696601,0.1600246756764545,0.1781975021463752,0.1955851511375359,0.2057439235731222,0.2157366876808461,0.2297872726983024,0.2384703995397307,0.2569562374633134,0.2705344287548956,0.2832910362764619,0.2972919907297118,0.3139611090156859,0.3299295224007444,0.3593956117513092,0.3657766220501424,0.3700586418851689,0.3772375604250758,0.3846845219842773,0.3882097448087089,0.3884845238548651,0.4069059491861602,0.4507273568548632,0.0511971030576473,0.0481712535091867,0.05120328874564,0.0513533377744111,0.0510470287846627,0.0496469000680729,0.2009239345788955,0.7326939105987549,0.0594646974720738,1.148108959197998,0.0575740864234311,1.2000749111175537,0.0582233059310144,1.337416172027588,0.0564360100685096,1.482105016708374,0.0568874127724591,1.62733793258667,0.0569633668380194,1.8182530403137207,0.0563298441784482,1.9847819805145264,0.056212533035396,2.091977834701538,0.0572073092213371,2.271968126296997,0.0583928513340652,1.2197661399841309,0.056750589655712246,1.4859981536865234
machine-2-7.out,0.0,0.0,0.0,0.0,0.0,0.0,0.0,0.0668830795271866,0.1147238297035752,0.1545141571930444,0.1885910981604182,0.2178696180583785,0.2436850104416765,0.2665347670095257,0.2891187940400869,0.3122791589741274,0.3313580246772313,0.3463568000667104,0.3600072246316197,0.3725631049319851,0.2668139934539795,0.6751314916290704,0.1357576337456703,0.0415281786769628,0.0415281786769628,0.0415281786769628,0.0415281786769628,0.0871896190941333,0.1036815635859966,0.1138085409998893,0.1228598305583,0.1307718062400817,0.1342661944031715,0.0973217801749706,0.0,0.0,0.0,0.0,0.0,0.0,0.0,0.0791046276487181,0.1331252602994228,0.172915587788892,0.2067901095510319,0.2360686294489922,0.2618840218322903,0.2852668939960664,0.3078273781585108,0.3309132055582566,0.3557228918574419,0.372016569917081,0.3878388988265295,0.4109726600364348,0.428460314324429,0.4545903176314932,0.462246872418636,0.4686223098848768,0.4899775757204094,0.4979623078602348,0.5150953846340479,0.5206650371484565,0.5294173546498946,0.5408515037037457,0.5610227066474421,0.5764012902785569,0.5775043655745367,0.578083585287377,0.5781474371020191,0.5926585531385282,0.6081840134104122,0.6092967968090499,0.0,0.0,0.0,0.0,0.0,0.0,0.0,0.0791046276487181,0.1331252602994228,0.172915587788892,0.2067901095510319,0.2360686294489922,0.2618840218322903,0.2852668939960664,0.3078273781585108,0.3309132055582566,0.3557228918574419,0.372016569917081,0.3878388988265295,0.4109726600364348,0.428460314324429,0.4545903176314932,0.462246872418636,0.4686223098848768,0.4899775757204094,0.4979623078602348,0.5150953846340479,0.5206650371484565,0.5294173546498946,0.5408515037037457,0.5610227066474421,0.5764012902785569,0.5775043655745367,0.578083585287377,0.5781474371020191,0.5926585531385282,0.6081840134104122,0.6092967968090499,0.1943293174145131,0.1957757921996425,0.189502651673187,0.1856927945299136,0.1779620894438129,0.1731388654956435,0.6589034199714661,0.6472489833831787,0.1964583965865048,1.1326141357421875,0.1898405488048281,1.3229050636291504,0.1881107214477754,1.5296030044555664,0.1855516073907294,1.7773020267486572,0.1849756405926218,2.0282230377197266,0.1844071407542854,2.294490098953247,0.183996954224479,2.522109031677246,0.1837422768642873,2.748599052429199,0.1839940694498491,3.00111985206604,0.1902556985616684,1.2746968269348145,0.18579678256064652,1.7927968502044678
machine-2-9.out,0.0,0.0,0.0,0.0,0.0,0.0,0.0,0.0,0.0606272946530139,0.0766378627891925,0.0963923484004893,0.1214134914024795,0.150545506579161,0.172144796689837,0.1920828827105724,0.2145786124434304,0.2303942666066616,0.2445575251536071,0.2593667563696954,0.2705920473376169,0.2587645351886749,0.315724282143331,0.2143763226270675,0.0673653247952461,0.0673653247952461,0.0673653247952461,0.0673653247952461,0.0850216101855039,0.1115190850943327,0.1463123685866594,0.1692706164717674,0.1927789923548698,0.2095437493920326,0.097927948012948,0.0,0.0,0.0,0.0,0.0,0.0,0.0,0.0,0.0614336281085248,0.0967412892719293,0.1241129735184756,0.1576352393131962,0.1824757297919899,0.2008002552670982,0.2249535155293527,0.2456014793980862,0.2603938852616343,0.2701262115943318,0.2874486529692154,0.3010501096160463,0.3132280236067348,0.3230777690785125,0.3334267158912944,0.3399519497142464,0.3549366918392066,0.3633761635463871,0.3733787170605365,0.3830299460985599,0.3946734588445013,0.40574027852999,0.4304728769308397,0.4598938763549178,0.4856122734761157,0.5129353949217816,0.5170850591794593,0.520331601474088,0.5219200862648885,0.5337453563709271,0.0,0.0,0.0,0.0,0.0,0.0,0.0,0.0,0.0614336281085248,0.0967412892719293,0.1241129735184756,0.1576352393131962,0.1824757297919899,0.2008002552670982,0.2249535155293527,0.2456014793980862,0.2603938852616343,0.2701262115943318,0.2874486529692154,0.3010501096160463,0.3132280236067348,0.3230777690785125,0.3334267158912944,0.3399519497142464,0.3549366918392066,0.3633761635463871,0.3733787170605365,0.3830299460985599,0.3946734588445013,0.40574027852999,0.4304728769308397,0.4598938763549178,0.4856122734761157,0.5129353949217816,0.5170850591794593,0.520331601474088,0.5219200862648885,0.5337453563709271,0.1086235332574022,0.1037730453500621,0.1017937439407945,0.1019078085618804,0.1000154519734096,0.0980043634435826,0.6099569201469421,0.8384780883789062,0.1348553130572492,1.2882261276245115,0.1229515269043899,1.6217589378356934,0.1187441404308042,1.8992791175842283,0.1181562489307508,2.1943418979644775,0.1165282211321241,2.4878880977630615,0.1159054306564761,2.7489399909973145,0.115549767363659,3.0682430267333984,0.114424844490893,3.382920026779175,0.1143581614635148,3.6263537406921382,0.1233341746032238,1.511847972869873,0.11826780149713159,2.107842206954956
