test_batch_id,FFVUS_PR/hbos,FFVUS_PR/denoising_auto_encoder,FFVUS_PR/cblof,FFVUS_PR/random_black_forest,FFVUS_PR/auto_encoder,FFVUS_PR/tran_ad,FFVUS_PR/omni_anomaly,FFVUS_PR/mtad_gat,FFVUS_PR/copod,FFVUS_PR/encdec_ad,FFVUS_PR/avg_ens,INDEPENDENT_INTERPRETABILITY_NDCG_HIT_K_10_W_10_SCORE_WITH_SMOOTHING/hbos,INDEPENDENT_INTERPRETABILITY_NDCG_HIT_K_10_W_10_SCORE_WITH_SMOOTHING/denoising_auto_encoder,INDEPENDENT_INTERPRETABILITY_NDCG_HIT_K_10_W_10_SCORE_WITH_SMOOTHING/cblof,INDEPENDENT_INTERPRETABILITY_NDCG_HIT_K_10_W_10_SCORE_WITH_SMOOTHING/random_black_forest,INDEPENDENT_INTERPRETABILITY_NDCG_HIT_K_10_W_10_SCORE_WITH_SMOOTHING/auto_encoder,INDEPENDENT_INTERPRETABILITY_NDCG_HIT_K_10_W_10_SCORE_WITH_SMOOTHING/tran_ad,INDEPENDENT_INTERPRETABILITY_NDCG_HIT_K_10_W_10_SCORE_WITH_SMOOTHING/omni_anomaly,INDEPENDENT_INTERPRETABILITY_NDCG_HIT_K_10_W_10_SCORE_WITH_SMOOTHING/mtad_gat,INDEPENDENT_INTERPRETABILITY_NDCG_HIT_K_10_W_10_SCORE_WITH_SMOOTHING/copod,INDEPENDENT_INTERPRETABILITY_NDCG_HIT_K_10_W_10_SCORE_WITH_SMOOTHING/encdec_ad,INDEPENDENT_INTERPRETABILITY_NDCG_HIT_K_10_W_10_SCORE_WITH_SMOOTHING/avg_ens,INTERPRETABILITY_CONDITIONAL_VOLUMN_PR_WITH_NDCG_HIT_K_10_W_10_M_50_SCORE_COMBINATION_WITH_SMOOTHING/hbos,INTERPRETABILITY_CONDITIONAL_VOLUMN_PR_WITH_NDCG_HIT_K_10_W_10_M_50_SCORE_COMBINATION_WITH_SMOOTHING/denoising_auto_encoder,INTERPRETABILITY_CONDITIONAL_VOLUMN_PR_WITH_NDCG_HIT_K_10_W_10_M_50_SCORE_COMBINATION_WITH_SMOOTHING/cblof,INTERPRETABILITY_CONDITIONAL_VOLUMN_PR_WITH_NDCG_HIT_K_10_W_10_M_50_SCORE_COMBINATION_WITH_SMOOTHING/random_black_forest,INTERPRETABILITY_CONDITIONAL_VOLUMN_PR_WITH_NDCG_HIT_K_10_W_10_M_50_SCORE_COMBINATION_WITH_SMOOTHING/auto_encoder,INTERPRETABILITY_CONDITIONAL_VOLUMN_PR_WITH_NDCG_HIT_K_10_W_10_M_50_SCORE_COMBINATION_WITH_SMOOTHING/tran_ad,INTERPRETABILITY_CONDITIONAL_VOLUMN_PR_WITH_NDCG_HIT_K_10_W_10_M_50_SCORE_COMBINATION_WITH_SMOOTHING/omni_anomaly,INTERPRETABILITY_CONDITIONAL_VOLUMN_PR_WITH_NDCG_HIT_K_10_W_10_M_50_SCORE_COMBINATION_WITH_SMOOTHING/mtad_gat,INTERPRETABILITY_CONDITIONAL_VOLUMN_PR_WITH_NDCG_HIT_K_10_W_10_M_50_SCORE_COMBINATION_WITH_SMOOTHING/copod,INTERPRETABILITY_CONDITIONAL_VOLUMN_PR_WITH_NDCG_HIT_K_10_W_10_M_50_SCORE_COMBINATION_WITH_SMOOTHING/encdec_ad,INTERPRETABILITY_CONDITIONAL_VOLUMN_PR_WITH_NDCG_HIT_K_10_W_10_M_50_SCORE_COMBINATION_WITH_SMOOTHING/avg_ens,sum_acc_interp/hbos,mul_acc_interp/hbos,sum_acc_interp/denoising_auto_encoder,mul_acc_interp/denoising_auto_encoder,sum_acc_interp/cblof,mul_acc_interp/cblof,sum_acc_interp/random_black_forest,mul_acc_interp/random_black_forest,sum_acc_interp/auto_encoder,mul_acc_interp/auto_encoder,sum_acc_interp/tran_ad,mul_acc_interp/tran_ad,sum_acc_interp/omni_anomaly,mul_acc_interp/omni_anomaly,sum_acc_interp/mtad_gat,mul_acc_interp/mtad_gat,sum_acc_interp/copod,mul_acc_interp/copod,sum_acc_interp/encdec_ad,mul_acc_interp/encdec_ad,sum_acc_interp/avg_ens,mul_acc_interp/avg_ens
machine-3-8.out,0.440178245306015,0.099159151315689,0.3484605550765991,0.3554707765579223,0.3417099118232727,0.1650916337966919,0.3303971290588379,0.0598323009908199,0.4300468564033508,0.2311520725488662,0.4752997756004333,0.1543873287416564,0.2607941674223751,0.4308146606262874,0.5025341482213297,0.5238221927831667,0.5530632786224934,0.6618066612938116,0.1978885080475149,0.7428806848661665,0.6705462670241391,0.7155913953221027,0.2022860702872276,0.1199559075385332,0.3488005518913269,0.3946307957172393,0.4012490072846412,0.119279648065567,0.2510531520843506,0.0627021240442991,0.644013010263443,0.3928219044208527,0.6421582698822021,0.2972827870238357,0.22859696702700935,0.17997665936903207,0.14368601128805084,0.3896376078514433,0.3852860010222874,0.429002462389626,0.4163990176654748,0.4327660523032197,0.4136073852243737,0.35907745620959264,0.2542797345858641,0.49610189517632475,0.44075425433675114,0.12886040451916742,0.09188334322171114,0.5864637706347586,0.5447455055300028,0.45084916978650263,0.34379160426519983,0.595445585461268,0.5712032097017204
machine-3-6.out,0.2582959830760956,0.212798461318016,0.4332081079483032,0.4282968938350677,0.2938779294490814,0.242059051990509,0.2271357625722885,0.0633978173136711,0.2463228702545166,0.5116520524024963,0.4661789536476135,0.1739762010418324,0.19440426456089,0.7264346800138983,0.8417027393035152,0.2568269657798315,0.5933036575966194,0.5281443708678671,0.6595796695139782,0.559886199527033,0.5982333565451045,0.694081824959088,0.1876668270677328,0.1367522983253002,0.5310842287540436,0.5991535753011703,0.1689622130990028,0.1879215416312217,0.1753869554400444,0.1330495427548885,0.4053912746906281,0.4184928321838378,0.6507861906290054,0.216136092058964,0.20791230863786136,0.203601362939453,0.20318591081593199,0.5798213939811008,0.5427488473926672,0.6349998165692915,0.5677146030117405,0.27535244761445643,0.2741060687274035,0.4176813547935642,0.3438375193245569,0.3776400667200778,0.3176582280244488,0.36148874341382464,0.11567693919527883,0.4031045348907748,0.34212657945106123,0.5549427044738005,0.5515656341174368,0.5801303893033507,0.5577476113495936
machine-2-6.out,0.2314964979887008,0.3343439400196075,0.2037078291177749,0.3248857855796814,0.3350587487220764,0.1024855524301529,0.1024855449795723,0.0278904177248477,0.2440186440944671,0.1530405282974243,0.4590543508529663,0.0506030926305556,0.3912759891451191,0.5327726539050367,0.6049637257609108,0.4553653555815627,0.5320242453404733,0.4794090861020236,0.4129035005651402,0.6110685711286491,0.7538022988156846,0.5024522018108872,0.0566989256069064,0.2789032325148582,0.2405778521299362,0.274057984650135,0.3021976071596146,0.1018332093954086,0.1024855449795723,0.030788036622107,0.4514196664094925,0.1445362015068531,0.4685185199975967,0.14104979530962822,0.08305179532984273,0.36280996458236325,0.3605765238461361,0.3682402415114058,0.29472596556764175,0.4649247556702961,0.4227439233853677,0.39521205215181954,0.3860564105315566,0.3172548988853131,0.17186432386553688,0.29094731554079795,0.16887078461610694,0.22039695914499394,0.05225140653250806,0.4275436076115581,0.34876471433770384,0.45342141355655446,0.2544262326247111,0.48075327633192677,0.4797738896275158
machine-2-8.out,0.7459977269172668,0.8884433507919312,0.9489959478378296,0.9774307012557985,0.96711665391922,0.7968931794166565,0.7968931794166565,0.008978659287095,0.7709222435951233,0.9999744296073914,0.9105907082557678,0.4362115423097745,1.0000000000000002,1.0000000000000002,1.0000000000000002,0.9594513512663784,1.0000000000000002,1.0000000000000002,1.0000000000000002,1.0000000000000002,1.0000000000000002,1.0000000000000002,0.5722790597379208,0.8889439535140992,0.96729421377182,0.9766592502593994,0.9625444102287292,0.7968931794166565,0.7968931794166565,0.0567373816668987,0.9321398961544036,0.9999958956241608,0.9695411705970765,0.5911046346135207,0.5505164398362908,0.9442216753959657,0.9409266636665131,0.9744979739189149,0.9738306012289287,0.9887153506278994,0.9885865538904254,0.9632840025927991,0.963268753490613,0.8984465897083284,0.8869677825538411,0.8984465897083284,0.8869677825538411,0.5044893296435476,0.01779752069967262,0.8854611217975618,0.8706449381200221,0.9999872148036958,0.9999872146402324,0.955295354127884,0.9532033253601153
machine-2-4.out,0.2779209017753601,0.2540251016616821,0.274516761302948,0.2122217565774917,0.2039077132940292,0.1362570524215698,0.1358308941125869,0.1171200200915336,0.2686987519264221,0.1279489994049072,0.2983445525169372,0.0424303524250856,0.2234312209672693,0.3442127087215108,0.4193417428985563,0.2116881605451346,0.3484678813353906,0.2777660938156951,0.1833851323744015,0.7134309806420926,0.5370879664170718,0.4642479071865409,0.103811776638031,0.1431160967051983,0.1837413999438285,0.1994193974137306,0.137603815793991,0.1357863247394561,0.1270053306221962,0.1100267031788825,0.5121304723620415,0.1278833755850792,0.2729538705945015,0.16017562710022284,0.07362094984181099,0.2387281613144757,0.23774798209013295,0.3093647350122294,0.30543933197107553,0.315781749738024,0.2818194571346459,0.2077979369195819,0.20772510732328678,0.24236246687848018,0.1959098988629977,0.20679849396414102,0.18244435031373502,0.15025257623296756,0.1429464367710845,0.4910648662842574,0.3903720816654954,0.3325184829109895,0.20666480640078005,0.38129622985173905,0.3632499439618087
machine-2-7.out,0.2668139636516571,0.331576406955719,0.4517940282821655,0.7400781512260437,0.5547044277191162,0.1701491922140121,0.1982578337192535,0.0663351640105247,0.2103188186883926,0.1522873938083648,0.5259233117103577,0.1911583929442818,0.5231237421109102,0.8191347739038802,0.859238925526828,0.7923252552888144,0.8312009731927974,0.8133164427078672,0.500259498260775,0.9407313333098816,0.8650917477106898,0.8988278382055644,0.1848719364404678,0.2393346856534481,0.536924358010292,0.7369837111234665,0.6173651856184006,0.1703048321604728,0.2079521173238754,0.0915150367468595,0.5486372467875481,0.1567412805557251,0.6075891727209091,0.22898617829796947,0.22273714896615254,0.4273500745333146,0.40588618357393974,0.6354644010930228,0.5823775471473822,0.7996585383764359,0.7952193654512048,0.6735148415039653,0.6525562618946339,0.5006750827034048,0.28247496039269826,0.5057871382135604,0.31880280038166464,0.2832973311356498,0.11713769322119591,0.575525075999137,0.3437791174978925,0.5086895707595273,0.2589842120554562,0.712375574957961,0.6635748472348003
machine-2-3.out,0.3086200952529907,0.4079841673374176,0.3496814370155334,0.4098248183727264,0.2150407582521438,0.0592781007289886,0.0407559610903263,0.0359015353024005,0.3676297068595886,0.4458391070365906,0.6171244978904724,0.2323108076633883,0.6495337426130136,0.8735374234990155,0.8629220486639388,0.6989443381250287,0.8116090674717338,0.9068947765037212,0.5665534775346248,0.832688956495406,0.7366565699181503,0.8839214720513389,0.2031177006661892,0.2585039743781089,0.4905308216810226,0.6267432940006256,0.1700899550318718,0.0516444465517997,0.0407559610903263,0.0540787479281425,0.5560835400223731,0.3525720763206482,0.6821537417173386,0.2704654514581895,0.26508296421163186,0.5287589549752156,0.5011725676588269,0.6116094302572744,0.4994360884976711,0.6363734335183326,0.555722243004872,0.45699254818858626,0.3288927161771231,0.4354435841003612,0.11048651492603317,0.47382536879702375,0.07800630919793418,0.30122750641851265,0.06752417770954615,0.6001593316774974,0.510066545372189,0.5912478384773705,0.5554866943289744,0.7505229849709056,0.7268126433668595
machine-2-1.out,0.2374520450830459,0.2314788997173309,0.4828578531742096,0.3031203150749206,0.1357805281877517,0.2244730442762375,0.3417996764183044,0.0786787495017051,0.2349714189767837,0.2832559645175934,0.3471119105815887,0.1686135105098561,0.3926505551044875,0.4563054444784937,0.4717338776119673,0.4647892239677906,0.4451402961056074,0.4783029716589737,0.376069755431622,0.480373827108319,0.5543939851497347,0.4742402693097493,0.1765964370965957,0.2731471261382103,0.477539581656456,0.4141665843129158,0.1524953663349151,0.189482125043869,0.3958331614732742,0.1343618611246347,0.3482411402463913,0.2747923159599304,0.4321003818511963,0.203032777796451,0.19719782851681417,0.3120647274109092,0.29125469969986945,0.46958164882635167,0.46920629854951135,0.38742709634344397,0.36908136514668244,0.30028487607777116,0.21016485129266738,0.3348066701909225,0.29844685394072723,0.41005132403863903,0.39869106952949523,0.22737425246666357,0.13013214012483773,0.3576726230425513,0.3155794224192595,0.41882497483366404,0.37494278618104593,0.41067608994566895,0.4008376674098854
machine-1-2.out,0.2266412079334259,0.2010616064071655,0.4979445338249206,0.4315248429775238,0.2215550392866134,0.252824991941452,0.4737869501113891,0.0465520769357681,0.2407318353652954,0.573781430721283,0.5648192167282104,0.238976624992291,0.3982732749369481,0.6154291131692556,0.592702083385024,0.3635767060480563,0.5890598118007356,0.6329625106099802,0.3090080377743674,0.6253375736123392,0.5783747277339953,0.7117606837556706,0.201630930006504,0.2695597210526466,0.540029319524765,0.5243416726589203,0.2331483262777328,0.2426363211870193,0.5022216886281967,0.0823530144244432,0.4456492502987385,0.6388915324211121,0.6986437720060349,0.23280891646285845,0.23264551795956226,0.2996674406720568,0.26722110439585195,0.5566868234970881,0.550488263642102,0.5121134631812738,0.4994316530488085,0.29256587266733486,0.27533030649739315,0.42094240187109383,0.35379909818911787,0.5533747303606846,0.5419282106381784,0.17778005735506774,0.08091439592413335,0.4330347044888173,0.34763648330746305,0.5760780792276392,0.576068923186901,0.6382899502419406,0.6298330590109262
machine-3-11.out,0.0635630562901496,0.0889909192919731,0.1467189341783523,0.229952871799469,0.0849604234099388,0.1087715774774551,0.1087715774774551,0.0123046087101101,0.0852430090308189,0.7263810038566589,0.2929345965385437,0.0520980446049869,0.6847161901193156,0.7239232643296006,0.6112473396571604,0.6807728460184694,0.470479286337554,0.6235776162391934,0.6556545929749938,0.6946182090821273,0.5852329695442476,0.6502789199245986,0.0263345909770578,0.3402553929388523,0.1474803048372268,0.537180343568325,0.2018725007772445,0.1654616893082857,0.2368786068260669,0.1035036810673773,0.3365946090221405,0.7507868731021881,0.5329919326305389,0.057830550447568255,0.05726231059889132,0.38685355470564436,0.15751056820242856,0.43532109925397644,0.24398828807373135,0.4206001057283147,0.33418460723056154,0.3828666347142041,0.1510676146718628,0.28962543190750456,0.17669295754989614,0.36617459685832426,0.18523273208985375,0.33397960084255196,0.024155886153499232,0.38993060905647314,0.15185098295574823,0.6558069867004532,0.6482122339781262,0.47160675823157117,0.4039153165657078
machine-1-5.out,0.0925549045205116,0.7791491150856018,0.8179783821105957,0.8592507243156433,0.7475740909576416,0.4603295922279358,0.4562194347381592,0.0210770294070243,0.1627863943576812,0.3927060961723327,0.7116450667381287,0.0478296536898439,0.537734675004399,0.785699925703654,0.833316023379611,0.387654297097091,0.7499126972544927,0.8160969202732088,0.6137511270082604,0.7789650855145166,0.8404283286197374,0.8010556443849053,0.0526027332246303,0.752194607257843,0.7842822134494781,0.8819081544876098,0.6905679643154145,0.4106846195459366,0.4110220241546631,0.0216850411891937,0.513058817088604,0.4474313646554947,0.8165784633159637,0.07019227910517775,0.06306774885994675,0.6584418950450004,0.6363135446475301,0.8018391539071248,0.8015143073518843,0.8462833738476272,0.846084678962017,0.5676141940273662,0.510558600908083,0.6051211447412143,0.5704758611291679,0.6361581775056839,0.5852621074815457,0.31741407820764234,0.04075449528134997,0.4708757399360989,0.26929592426791676,0.6165672123960351,0.5352884834117686,0.756350355561517,0.7537079784751747
machine-3-9.out,0.1719322651624679,0.5104530453681946,0.2567301094532013,0.2031779438257217,0.2764132618904114,0.1614031046628952,0.1598445475101471,0.0181524865329265,0.2902092039585113,0.1182296499609947,0.2880314588546753,0.1631501614921311,0.3443544406203353,0.7262252970287291,0.8662151327204488,0.5044455165306829,0.8270419425297725,0.8962365480423762,0.3500109686516129,0.81824563459937,0.941270537263049,0.8089494493472487,0.131731591001153,0.2144584488868713,0.3677736321091652,0.4099787729978561,0.3159601655602455,0.1622086629271507,0.1605922386050224,0.0260937899537384,0.5641891527175903,0.1144651973247528,0.5480060732364654,0.1675412133272995,0.16742612918867944,0.427403742994265,0.4112663395722061,0.4914777032409652,0.37935373011714874,0.5346965382730853,0.3291508303855507,0.39042938921054715,0.3571335420014861,0.49422252359633384,0.2700952118478625,0.5280405477762616,0.27130213027615924,0.1840817275922697,0.03451493789159643,0.5542274192789407,0.42845663350354035,0.5297500936120219,0.21007280127204916,0.548490454100962,0.4248075573477253
machine-1-1.out,0.3659796416759491,0.1478044539690017,0.1504129022359848,0.2409587055444717,0.1632675677537918,0.1110167726874351,0.1110167726874351,0.1097787544131279,0.3681023120880127,0.1146364510059356,0.3385002613067627,0.0813551876511592,0.4087622042004361,0.4505642238553782,0.5467261738081118,0.4684826787929676,0.4350777152300878,0.4804849750497507,0.4026640762401497,0.6060126583350737,0.5536517880247069,0.5364094295097854,0.1318326376378536,0.1177322688698768,0.1448200988769531,0.1837301743030548,0.1543890553712844,0.1110167726874351,0.1110167726874351,0.1099222339689731,0.424919410943985,0.1146164679527282,0.3400918784737587,0.22366741466355416,0.13311882050337157,0.27828332908471887,0.21710561891624516,0.3004885630456815,0.22553494837501886,0.3938424396762918,0.33449526474689556,0.31587512327337974,0.2421464112421123,0.27304724395876145,0.17689584817916054,0.2957508738685929,0.1803608914390792,0.2562214153266388,0.1725225062870091,0.4870574852115432,0.4580047888820674,0.33414411951532125,0.1899440162655108,0.43745484540827406,0.4150707986489697
machine-3-4.out,0.1069236770272255,0.4577283859252929,0.9095135927200316,0.9305269718170166,0.623792290687561,0.3543866276741028,0.3843933641910553,0.0591739453375339,0.1320169568061828,0.2884480655193329,0.7439671754837036,0.1257954210013176,0.4683669405092882,0.5649429498314873,0.5966332442765231,0.1653954684577316,0.6133247960960886,0.5689007228843866,0.3676884320041899,0.5227496563928611,0.6021949009036398,0.4768131269366137,0.0775430472195148,0.3043195506930351,0.8504972398281098,0.7264139452576637,0.1555960796773433,0.3777827602624893,0.6127513071894646,0.2073703671246767,0.3462805289030075,0.6085858991742135,0.5605955320596695,0.11635954901427155,0.11559437176057662,0.4630476632172905,0.4629865578211148,0.7372282712757594,0.696966342723031,0.7635801080467699,0.7270793466610185,0.3945938795726463,0.26146482112274166,0.4838557118850957,0.4492126491812833,0.47664704353772097,0.4587916063365797,0.2134311886708619,0.10194187321990901,0.327383306599522,0.21079822158703804,0.44532148321148635,0.39005967773795674,0.6103901512101586,0.5811583207515577
machine-3-10.out,0.755229651927948,0.1933317631483078,0.8644212484359741,0.2544849812984466,0.3312435448169708,0.2577529549598694,0.2629206478595733,0.0738217309117317,0.3948282897472381,0.0846545472741127,0.3227107524871826,0.06743981897224,0.3930967682166419,0.7862123867906893,0.7688294873471773,0.6052718051725232,0.8226855006150005,0.7407865612275281,0.4225551501423079,0.9211718414972077,0.4504500790077814,0.756601339885625,0.158090429008007,0.1915114443004131,0.7719049298763275,0.5688516381382942,0.4500795236229896,0.3660434585809707,0.4408230137825012,0.1299404334276914,0.74028753221035,0.0856501975655555,0.6521949833631515,0.411334735450094,0.12382263548143291,0.2932142656824749,0.2591896104043051,0.8253168176133316,0.8234640060901341,0.511657234322812,0.38239576142843856,0.468257674994747,0.4281667744695539,0.5402192277874349,0.3925251229110137,0.5018536045435507,0.38809740697340206,0.2481884405270198,0.12568575926796977,0.6580000656222229,0.5527426542088978,0.2675523131409471,0.14252408084359816,0.5396560461864037,0.4524426057166117
machine-3-7.out,0.0816382840275764,0.0593251064419746,0.5476949214935303,0.0667786970734596,0.070182092487812,0.0417684279382228,0.0417684279382228,0.0244649332016706,0.0914082005620002,0.074967585504055,0.1195819303393364,0.2435095316148696,0.7558755641005646,0.659012653696659,0.7152278934490119,0.7494048238067572,0.6822173427647721,0.7828790342358793,0.7807725055481224,0.6923243857273319,0.7783274320649989,0.6828987374392894,0.0606760535016655,0.0669505276530981,0.0747664026916027,0.1421422362327575,0.0652424958348274,0.0906907814741134,0.1075492152571678,0.0816322124376893,0.1837724523991346,0.1466929616034031,0.1453923857212066,0.162573907821223,0.12228100174142244,0.4076003352712696,0.11001560699725553,0.6033537875950946,0.5982193052409525,0.3910032952612358,0.12215238954241966,0.40979345814728463,0.1283446517008944,0.36199288535149743,0.07871741979626826,0.41232373108705106,0.07930571068421755,0.4026187193748965,0.04744326648197768,0.39186629314466603,0.16149418159107864,0.42664750878452695,0.1367623790414606,0.4012403338893129,0.2035247764294141
machine-1-4.out,0.2691243290901184,0.0910606980323791,0.1314915865659713,0.1835067123174667,0.0743336230516433,0.0715794265270233,0.0694696903228759,0.0594471208751201,0.2569217979907989,0.0838730037212371,0.2031914591789245,0.0889510281732778,0.1842190303635589,0.1972950205605593,0.3497433738116448,0.1784053213526514,0.2577281257233323,0.2786085878564622,0.189746751722688,0.4170566092917843,0.5472818262234608,0.3073992660009528,0.1184262451529502,0.0775149197876453,0.1211136049032211,0.1441878636181354,0.0717024600505828,0.0693560922145843,0.0689940977096557,0.0562728327512741,0.2299498997628689,0.0771313458681106,0.1827726726233959,0.17903767863169812,0.13370864703990468,0.137639864197969,0.121876852999694,0.16439330356326531,0.157808345673217,0.26662504306455576,0.24071353517776753,0.12636947220214736,0.10494238582101105,0.16465377612517781,0.11204135048281917,0.17403913908966906,0.11120976822179127,0.12459693629890406,0.09053110309438045,0.3369892036412916,0.31796548009665093,0.3155774149723489,0.14545454924721954,0.2552953625899387,0.2446613396170071
machine-3-5.out,0.1366473585367202,0.3498812615871429,0.3886742293834686,0.0983002781867981,0.3565117120742798,0.0810378715395927,0.0784106999635696,0.0417141914367675,0.1985195130109787,0.1019580587744712,0.2341263741254806,0.1181074205266131,0.335624311009177,0.6300024234120272,0.6711747290846003,0.6123234522485341,0.5970460385501569,0.699839719519705,0.3851183960416122,0.7235994441779586,0.7953959370142265,0.7014492805270116,0.0677633330971002,0.2581958016753197,0.3843472248315811,0.2144520808756351,0.4419283413887024,0.0896960307657718,0.1046055147051811,0.053182431012392,0.3508198913931846,0.1251127929985523,0.3076402139663696,0.12737738953166666,0.12670276175297998,0.34275278629816,0.342604530289815,0.5093383263977479,0.48075256413782813,0.3847375036356992,0.1714848746417951,0.48441758216140696,0.45064524976639087,0.33904195504487483,0.14270605585921192,0.38912520974163733,0.1410212468790776,0.21341629373918986,0.0752749577683751,0.46105947859446866,0.3115619913316463,0.44867699789434884,0.1807470097100191,0.46778782732624613,0.35107321543914405
machine-2-9.out,0.2587645351886749,0.3155008256435394,0.4386306703090668,0.4621671736240387,0.2727407813072204,0.0987680032849311,0.0987675040960311,0.0799816027283668,0.4830790758132934,0.41809943318367,0.5054875016212463,0.1018720322840062,0.4072000458929838,0.5111856841590643,0.6679110147617746,0.5181293235017942,0.5475951964601202,0.6295657079816691,0.3382958758483361,0.7365625343892883,0.6736378558911759,0.7353142218505051,0.1165145195275545,0.1706226181983947,0.2783674889802933,0.524068015217781,0.189966070652008,0.09262948974967,0.0941900394856929,0.0806057488918304,0.6547939670085907,0.3978784018754959,0.6796694946289062,0.18031828373634057,0.146190771875586,0.3613504357682616,0.35553285111772814,0.47490817723406553,0.47213699414693017,0.5650390941929067,0.5463100679179309,0.39543505240450727,0.3573658825912676,0.32318159987252565,0.1673513720586774,0.3641666060388501,0.17074776382754508,0.20913873928835144,0.12937558311203587,0.6098208051012909,0.5834795163021265,0.5458686445374229,0.515962234756744,0.6204008617358757,0.5991161067536103
machine-2-5.out,0.1697893589735031,0.3256779313087463,0.3104465305805206,0.2904059588909149,0.3113617599010467,0.1109582856297493,0.1375547498464584,0.0887309908866882,0.1591904014348983,0.188687726855278,0.2879733741283417,0.1534727641073317,0.1013973706567167,0.4513258201690951,0.6538592163019107,0.5042977782207582,0.7230150372789468,0.3928035091198195,0.3368829781406998,0.8014369830940149,0.8197269003240152,0.6231637701108516,0.1433287674188613,0.1102865013480186,0.3275586119294166,0.3941984820365906,0.3332242965698242,0.1052237635850906,0.1354336239397525,0.090134080350399,0.4569560503959656,0.2129543206095695,0.4004124847054481,0.1616310615404174,0.16121927301182418,0.21353765098273148,0.15464666658853612,0.38088617537480784,0.36785933460311854,0.4721325875964128,0.40218493211092476,0.4078297690609024,0.38501123667986803,0.41698666145434804,0.19239106771712466,0.26517912948313893,0.20375656463275088,0.212806984513694,0.14046512867795127,0.4803136922644566,0.26562031671848524,0.5042073135896465,0.30676351035666044,0.4555685721195966,0.3939134182992971
machine-1-7.out,0.2861619293689728,0.5294277667999268,0.2919368147850036,0.288081556558609,0.5231791734695435,0.1405625641345977,0.1371635645627975,0.1298037618398666,0.1852391511201858,0.2942303717136383,0.2735346257686615,0.102996650620873,0.276947032468239,0.181286381202834,0.494725106911891,0.573289967365824,0.4076760234005204,0.1963703980203506,0.2026638407216248,0.5548707513684462,0.5401454200408895,0.4098938105955277,0.145818278491497,0.373277595937252,0.1695015940070152,0.3732416117191314,0.5257414042949676,0.1358930075168609,0.1468826621770858,0.1274339750409126,0.3404492412507534,0.1709841835498809,0.3232245776057243,0.19457928999492288,0.1514740867899152,0.4031873996340829,0.3636607916184788,0.2366115979939188,0.22367529377666232,0.39140333173525,0.3641286808570267,0.5482345704176838,0.5470894895524793,0.27411929376755906,0.20904762447682587,0.16676698129157405,0.16151197052607136,0.16623380128074572,0.15825017963798102,0.370054951244316,0.2777527678505542,0.4171878958772639,0.3809487027035089,0.3417142181820946,0.3281108719520447
machine-3-3.out,0.1032040417194366,0.1865019053220749,0.2772951424121856,0.3038851916790008,0.1477620899677276,0.1973181366920471,0.056872833520174,0.0860897749662399,0.0607139095664024,0.1025623455643653,0.1004947423934936,0.1332826431630908,0.3339426557568277,0.2253764050865637,0.3529950857587047,0.3560239653329115,0.3546002922460907,0.2655235126245859,0.123328641967762,0.3445338614720598,0.4038758584939613,0.320188822417041,0.1016844664514064,0.1976761694252491,0.1934108132123947,0.2957642583549023,0.1527697782218456,0.190839305371046,0.0803078737109899,0.0885097938776016,0.137073880508542,0.1248508913815021,0.1572530920803546,0.1182433424412637,0.1163305026861299,0.2602222805394513,0.2393374673292818,0.25133577374937466,0.24865454452633648,0.32844013871885275,0.3266043538891366,0.2518930276503195,0.20884597595618312,0.2759592144690689,0.2535485871383958,0.16119817307237994,0.09368018409494831,0.10470920846700095,0.10139829332434165,0.20262388551923108,0.10323559660488653,0.2532191020291633,0.16358345413922099,0.2103417824052673,0.15297623162705895
machine-2-2.out,0.2353150844573974,0.1800534129142761,0.1652868241071701,0.1742947250604629,0.1821681559085846,0.1506188660860061,0.15049709379673,0.1443859934806823,0.2691395580768585,0.154613047838211,0.2620240449905395,0.0041391118517915,0.0383997571517449,0.0419597989429578,0.1303205912186641,0.3943154686596585,0.2569931931155405,0.0638096208290706,0.1258302329919337,0.1557621570773319,0.8236584407991585,0.0774361510278568,0.1308349534869194,0.1521265199780464,0.1649126189947128,0.1668864041566848,0.1799343559145927,0.1496278589963913,0.1496528381109237,0.1439235061407089,0.1547785367071628,0.1548455756902694,0.1580377388000488,0.11972709815459445,0.008135129557097304,0.1092265850330105,0.06329967496614032,0.10362331152506396,0.06692897385140392,0.15230765813956348,0.1491336147743827,0.28824181228412155,0.2492064603769364,0.2038060296007733,0.18992580059926661,0.10715335731290031,0.08962073360897187,0.135108113236308,0.13447100078046015,0.2124508575770952,0.1973244947042803,0.4891357443186848,0.2603537839726057,0.16973009800919814,0.11954352091234745
machine-1-8.out,0.1935344338417053,0.3053699135780334,0.2351982444524765,0.1447904109954834,0.1935099363327026,0.1053470447659492,0.11288583278656,0.0769204422831535,0.2093615084886551,0.1634759604930877,0.2567881047725677,0.0472955104717207,0.1790837306140798,0.321965331746752,0.4844148124099297,0.2973350616367883,0.2816406489259105,0.2552590548154566,0.2363559327033379,0.4075071781602698,0.4415816235810784,0.3740315032268669,0.1085910850763321,0.1852462148666381,0.1623829621076583,0.2023423208296298,0.1707567879557609,0.0897870115935802,0.0953064106404781,0.0900778469443321,0.2701900874078273,0.169292492121458,0.2525002136826515,0.120414972156713,0.07601471543328031,0.24222682209605662,0.22576683650321336,0.27858178809961426,0.2718256685692518,0.31460261170270654,0.2229435394751693,0.24542249898474544,0.23444178543056649,0.19349384684592985,0.15333826131398237,0.1840724438010083,0.15654233944057164,0.1566381874932457,0.11606750033782133,0.30843434332446246,0.27661095265853497,0.30252879203708305,0.23861523911471316,0.3154098039997173,0.3045144431811884
machine-1-3.out,0.2406371235847473,0.0681102201342582,0.1345856636762619,0.147544726729393,0.0663583651185035,0.0637969151139259,0.0645626783370971,0.06630889326334,0.2302561849355697,0.0775606036186218,0.1813544183969497,0.1696606969799296,0.2619056410128739,0.2835700774840718,0.442714983428793,0.4275502023119197,0.4611034763673132,0.3614066266677522,0.226655166216712,0.5839120376077641,0.59440945560722,0.4736873860073786,0.1616326665878296,0.0690953012555837,0.1220221090316772,0.1670337614417076,0.0669197052717208,0.0656713938713073,0.0660304826498031,0.0627185706049203,0.3240370461344719,0.0791194146871566,0.2369716911017894,0.20514891028233845,0.19900989018389392,0.16500793057356605,0.10810662737108787,0.20907787058016686,0.1825370947724924,0.295129855079093,0.2213271891164775,0.2469542837152116,0.11488576753834544,0.26245019574061956,0.1120859493266087,0.21298465250242465,0.10955427779557869,0.146482029740026,0.1026013446900089,0.4070841112716669,0.3302741482528512,0.3359850296129209,0.13721669750174906,0.3275209022021641,0.26228952049696674
machine-3-1.out,0.1802751421928405,0.4069253802299499,0.2770825028419494,0.2304539978504181,0.2680306732654571,0.1569535732269287,0.1553598940372467,0.017777482047677,0.3307016491889953,0.1300574392080307,0.2843644917011261,0.1500363416553833,0.3234091192722524,0.5523225154511093,0.8230626298396573,0.6715731373327837,0.8634571460855427,0.8502698478046405,0.3529723643506405,0.8116937492488708,0.9405634123966,0.8175678443609415,0.1239476026222109,0.1689473485946655,0.3309554088115692,0.3712955901026726,0.3043690419197082,0.1569535732269287,0.1553598940372467,0.0243245244771242,0.5856548851728439,0.1254359374940395,0.5519531771540642,0.1651557419241119,0.16377161648092223,0.36516724975110115,0.3603920639635556,0.4147025091465294,0.36903298528893264,0.5267583138450377,0.3600855810766141,0.46980190529912036,0.3831448917426055,0.5102053596562357,0.2656237960686342,0.5028148709209437,0.26271664005491246,0.18537492319915874,0.033850100986032895,0.571197699218933,0.46993967566755745,0.5353104258023154,0.22851650730644077,0.5509661680310338,0.42196286810806394
machine-3-2.out,0.075343944132328,0.0925958454608917,0.0634412914514541,0.0573754757642746,0.0864859819412231,0.069600410759449,0.0983627811074256,0.0720359086990356,0.0910697653889656,0.0677937492728233,0.0820517316460609,0.0076497082391559,0.0184377373384511,0.0415409376630196,0.0365313517406973,0.2091775947520676,0.0203946565503702,0.0524271091433065,0.0132761192165575,0.2468877268079674,0.326622361347302,0.0300914926716519,0.0530178871005773,0.0526055385917425,0.0604512175917625,0.0547494579106569,0.1139569008350372,0.0583058361709117,0.0633600096404552,0.053146309107542,0.1135194656997919,0.0748332925885915,0.0635245633870363,0.04149682618574195,0.013889235471160076,0.055516791399671396,0.03075209921533462,0.052491114557236845,0.05020679701080902,0.04695341375248595,0.04464007020839024,0.14783178834664534,0.1223750986480326,0.044997533654909605,0.03154565057031246,0.07539494512536606,0.06839816982668215,0.04265601395779655,0.022420222215504215,0.1689787460984665,0.13305819741800456,0.19720805531006264,0.11228220083232386,0.0560716121588564,0.04403403052740311
machine-1-6.out,0.738365888595581,0.5898505449295044,0.773288369178772,0.6492218971252441,0.702796459197998,0.430499792098999,0.5569515824317932,0.226289689540863,0.6251149773597717,0.4248582422733307,0.8328475952148438,0.3813336397884862,0.6800111774058291,0.7305906514353957,0.7014269360225008,0.7206539612436745,0.6055479007445529,0.6957596325878028,0.6566096909551612,0.7715831984441079,0.794663466733477,0.7806226040824207,0.5365506318211556,0.5782897645235061,0.668375214934349,0.6316202127933502,0.7255327105522156,0.3626451128721237,0.5136043870449066,0.3912392222881317,0.7674664509296417,0.4872239851951599,0.7140831267833709,0.5598497641920337,0.5029273383729316,0.6349308611676667,0.6317301427329141,0.7519395103070838,0.7513333794031004,0.6753244165738725,0.674315506626528,0.7117252102208362,0.7116131970538402,0.5180238464217759,0.5032359942060708,0.626355607509798,0.618665217834548,0.4414496902480121,0.33658196256132616,0.6983490879019398,0.6906692111185172,0.6097608545034039,0.553691371267474,0.8067350996486322,0.8058898873540483
