test_batch_id,INDEPENDENT_INTERPRETABILITY_NDCG_HIT_K_1_W_10_SCORE_WITH_SMOOTHING,INDEPENDENT_INTERPRETABILITY_NDCG_HIT_K_1_W_10_SCORE_WITH_SMOOTHING_computation_time,INDEPENDENT_INTERPRETABILITY_NDCG_HIT_K_3_W_10_SCORE_WITH_SMOOTHING,INDEPENDENT_INTERPRETABILITY_NDCG_HIT_K_3_W_10_SCORE_WITH_SMOOTHING_computation_time,INDEPENDENT_INTERPRETABILITY_NDCG_HIT_K_5_W_10_SCORE_WITH_SMOOTHING,INDEPENDENT_INTERPRETABILITY_NDCG_HIT_K_5_W_10_SCORE_WITH_SMOOTHING_computation_time,INDEPENDENT_INTERPRETABILITY_NDCG_HIT_K_7_W_10_SCORE_WITH_SMOOTHING,INDEPENDENT_INTERPRETABILITY_NDCG_HIT_K_7_W_10_SCORE_WITH_SMOOTHING_computation_time,INDEPENDENT_INTERPRETABILITY_NDCG_HIT_K_9_W_10_SCORE_WITH_SMOOTHING,INDEPENDENT_INTERPRETABILITY_NDCG_HIT_K_9_W_10_SCORE_WITH_SMOOTHING_computation_time,INDEPENDENT_INTERPRETABILITY_NDCG_HIT_K_11_W_10_SCORE_WITH_SMOOTHING,INDEPENDENT_INTERPRETABILITY_NDCG_HIT_K_11_W_10_SCORE_WITH_SMOOTHING_computation_time,INDEPENDENT_INTERPRETABILITY_NDCG_HIT_K_13_W_10_SCORE_WITH_SMOOTHING,INDEPENDENT_INTERPRETABILITY_NDCG_HIT_K_13_W_10_SCORE_WITH_SMOOTHING_computation_time,INDEPENDENT_INTERPRETABILITY_NDCG_HIT_K_15_W_10_SCORE_WITH_SMOOTHING,INDEPENDENT_INTERPRETABILITY_NDCG_HIT_K_15_W_10_SCORE_WITH_SMOOTHING_computation_time,INDEPENDENT_INTERPRETABILITY_NDCG_HIT_K_17_W_10_SCORE_WITH_SMOOTHING,INDEPENDENT_INTERPRETABILITY_NDCG_HIT_K_17_W_10_SCORE_WITH_SMOOTHING_computation_time,INDEPENDENT_INTERPRETABILITY_NDCG_HIT_K_19_W_10_SCORE_WITH_SMOOTHING,INDEPENDENT_INTERPRETABILITY_NDCG_HIT_K_19_W_10_SCORE_WITH_SMOOTHING_computation_time,INDEPENDENT_INTERPRETABILITY_NDCG_HIT_K_21_W_10_SCORE_WITH_SMOOTHING,INDEPENDENT_INTERPRETABILITY_NDCG_HIT_K_21_W_10_SCORE_WITH_SMOOTHING_computation_time,INDEPENDENT_INTERPRETABILITY_NDCG_HIT_K_23_W_10_SCORE_WITH_SMOOTHING,INDEPENDENT_INTERPRETABILITY_NDCG_HIT_K_23_W_10_SCORE_WITH_SMOOTHING_computation_time,INDEPENDENT_INTERPRETABILITY_NDCG_HIT_K_25_W_10_SCORE_WITH_SMOOTHING,INDEPENDENT_INTERPRETABILITY_NDCG_HIT_K_25_W_10_SCORE_WITH_SMOOTHING_computation_time,INDEPENDENT_INTERPRETABILITY_NDCG_HIT_K_27_W_10_SCORE_WITH_SMOOTHING,INDEPENDENT_INTERPRETABILITY_NDCG_HIT_K_27_W_10_SCORE_WITH_SMOOTHING_computation_time,INDEPENDENT_INTERPRETABILITY_NDCG_HIT_K_29_W_10_SCORE_WITH_SMOOTHING,INDEPENDENT_INTERPRETABILITY_NDCG_HIT_K_29_W_10_SCORE_WITH_SMOOTHING_computation_time,INDEPENDENT_INTERPRETABILITY_NDCG_HIT_K_31_W_10_SCORE_WITH_SMOOTHING,INDEPENDENT_INTERPRETABILITY_NDCG_HIT_K_31_W_10_SCORE_WITH_SMOOTHING_computation_time,INDEPENDENT_INTERPRETABILITY_NDCG_HIT_K_33_W_10_SCORE_WITH_SMOOTHING,INDEPENDENT_INTERPRETABILITY_NDCG_HIT_K_33_W_10_SCORE_WITH_SMOOTHING_computation_time,INDEPENDENT_INTERPRETABILITY_NDCG_HIT_K_35_W_10_SCORE_WITH_SMOOTHING,INDEPENDENT_INTERPRETABILITY_NDCG_HIT_K_35_W_10_SCORE_WITH_SMOOTHING_computation_time,INDEPENDENT_INTERPRETABILITY_NDCG_HIT_K_37_W_10_SCORE_WITH_SMOOTHING,INDEPENDENT_INTERPRETABILITY_NDCG_HIT_K_37_W_10_SCORE_WITH_SMOOTHING_computation_time,INDEPENDENT_INTERPRETABILITY_NDCG_HIT_K_10_W_1_SCORE_WITH_SMOOTHING,INDEPENDENT_INTERPRETABILITY_NDCG_HIT_K_10_W_1_SCORE_WITH_SMOOTHING_computation_time,INDEPENDENT_INTERPRETABILITY_NDCG_HIT_K_10_W_2_SCORE_WITH_SMOOTHING,INDEPENDENT_INTERPRETABILITY_NDCG_HIT_K_10_W_2_SCORE_WITH_SMOOTHING_computation_time,INDEPENDENT_INTERPRETABILITY_NDCG_HIT_K_10_W_3_SCORE_WITH_SMOOTHING,INDEPENDENT_INTERPRETABILITY_NDCG_HIT_K_10_W_3_SCORE_WITH_SMOOTHING_computation_time,INDEPENDENT_INTERPRETABILITY_NDCG_HIT_K_10_W_4_SCORE_WITH_SMOOTHING,INDEPENDENT_INTERPRETABILITY_NDCG_HIT_K_10_W_4_SCORE_WITH_SMOOTHING_computation_time,INDEPENDENT_INTERPRETABILITY_NDCG_HIT_K_10_W_5_SCORE_WITH_SMOOTHING,INDEPENDENT_INTERPRETABILITY_NDCG_HIT_K_10_W_5_SCORE_WITH_SMOOTHING_computation_time,INDEPENDENT_INTERPRETABILITY_NDCG_HIT_K_10_W_6_SCORE_WITH_SMOOTHING,INDEPENDENT_INTERPRETABILITY_NDCG_HIT_K_10_W_6_SCORE_WITH_SMOOTHING_computation_time,INDEPENDENT_INTERPRETABILITY_NDCG_HIT_K_10_W_7_SCORE_WITH_SMOOTHING,INDEPENDENT_INTERPRETABILITY_NDCG_HIT_K_10_W_7_SCORE_WITH_SMOOTHING_computation_time,INDEPENDENT_INTERPRETABILITY_NDCG_HIT_K_10_W_8_SCORE_WITH_SMOOTHING,INDEPENDENT_INTERPRETABILITY_NDCG_HIT_K_10_W_8_SCORE_WITH_SMOOTHING_computation_time,INDEPENDENT_INTERPRETABILITY_NDCG_HIT_K_10_W_9_SCORE_WITH_SMOOTHING,INDEPENDENT_INTERPRETABILITY_NDCG_HIT_K_10_W_9_SCORE_WITH_SMOOTHING_computation_time,INDEPENDENT_INTERPRETABILITY_NDCG_HIT_K_10_W_10_SCORE_WITH_SMOOTHING,INDEPENDENT_INTERPRETABILITY_NDCG_HIT_K_10_W_10_SCORE_WITH_SMOOTHING_computation_time,INDEPENDENT_INTERPRETABILITY_NDCG_HIT_K_10_W_11_SCORE_WITH_SMOOTHING,INDEPENDENT_INTERPRETABILITY_NDCG_HIT_K_10_W_11_SCORE_WITH_SMOOTHING_computation_time,INDEPENDENT_INTERPRETABILITY_NDCG_HIT_K_10_W_12_SCORE_WITH_SMOOTHING,INDEPENDENT_INTERPRETABILITY_NDCG_HIT_K_10_W_12_SCORE_WITH_SMOOTHING_computation_time,INDEPENDENT_INTERPRETABILITY_NDCG_HIT_K_10_W_13_SCORE_WITH_SMOOTHING,INDEPENDENT_INTERPRETABILITY_NDCG_HIT_K_10_W_13_SCORE_WITH_SMOOTHING_computation_time,INDEPENDENT_INTERPRETABILITY_NDCG_HIT_K_10_W_14_SCORE_WITH_SMOOTHING,INDEPENDENT_INTERPRETABILITY_NDCG_HIT_K_10_W_14_SCORE_WITH_SMOOTHING_computation_time,INDEPENDENT_INTERPRETABILITY_NDCG_HIT_K_10_W_15_SCORE_WITH_SMOOTHING,INDEPENDENT_INTERPRETABILITY_NDCG_HIT_K_10_W_15_SCORE_WITH_SMOOTHING_computation_time,INDEPENDENT_INTERPRETABILITY_NDCG_HIT_K_10_W_16_SCORE_WITH_SMOOTHING,INDEPENDENT_INTERPRETABILITY_NDCG_HIT_K_10_W_16_SCORE_WITH_SMOOTHING_computation_time,INDEPENDENT_INTERPRETABILITY_NDCG_HIT_K_10_W_17_SCORE_WITH_SMOOTHING,INDEPENDENT_INTERPRETABILITY_NDCG_HIT_K_10_W_17_SCORE_WITH_SMOOTHING_computation_time,INDEPENDENT_INTERPRETABILITY_NDCG_HIT_K_10_W_18_SCORE_WITH_SMOOTHING,INDEPENDENT_INTERPRETABILITY_NDCG_HIT_K_10_W_18_SCORE_WITH_SMOOTHING_computation_time,INDEPENDENT_INTERPRETABILITY_NDCG_HIT_K_10_W_19_SCORE_WITH_SMOOTHING,INDEPENDENT_INTERPRETABILITY_NDCG_HIT_K_10_W_19_SCORE_WITH_SMOOTHING_computation_time,INDEPENDENT_INTERPRETABILITY_NDCG_HIT_K_10_W_20_SCORE_WITH_SMOOTHING,INDEPENDENT_INTERPRETABILITY_NDCG_HIT_K_10_W_20_SCORE_WITH_SMOOTHING_computation_time,INDEPENDENT_INTERPRETABILITY_NDCG_HIT_K_10_W_0_SCORE_WITH_SMOOTHING,INDEPENDENT_INTERPRETABILITY_NDCG_HIT_K_10_W_0_SCORE_WITH_SMOOTHING_computation_time,INTERPRETABILITY_CONDITIONAL_VOLUMN_PR_WITH_NDCG_HIT_K_10_W_0_M_50_SCORE_COMBINATION_WITH_SMOOTHING,INTERPRETABILITY_CONDITIONAL_VOLUMN_PR_WITH_NDCG_HIT_K_10_W_0_M_50_SCORE_COMBINATION_WITH_SMOOTHING_computation_time,INTERPRETABILITY_CONDITIONAL_VOLUMN_PR_WITH_NDCG_HIT_K_10_W_1_M_50_SCORE_COMBINATION_WITH_SMOOTHING,INTERPRETABILITY_CONDITIONAL_VOLUMN_PR_WITH_NDCG_HIT_K_10_W_1_M_50_SCORE_COMBINATION_WITH_SMOOTHING_computation_time,INTERPRETABILITY_CONDITIONAL_VOLUMN_PR_WITH_NDCG_HIT_K_10_W_2_M_50_SCORE_COMBINATION_WITH_SMOOTHING,INTERPRETABILITY_CONDITIONAL_VOLUMN_PR_WITH_NDCG_HIT_K_10_W_2_M_50_SCORE_COMBINATION_WITH_SMOOTHING_computation_time,INTERPRETABILITY_CONDITIONAL_VOLUMN_PR_WITH_NDCG_HIT_K_10_W_3_M_50_SCORE_COMBINATION_WITH_SMOOTHING,INTERPRETABILITY_CONDITIONAL_VOLUMN_PR_WITH_NDCG_HIT_K_10_W_3_M_50_SCORE_COMBINATION_WITH_SMOOTHING_computation_time,INTERPRETABILITY_CONDITIONAL_VOLUMN_PR_WITH_NDCG_HIT_K_10_W_4_M_50_SCORE_COMBINATION_WITH_SMOOTHING,INTERPRETABILITY_CONDITIONAL_VOLUMN_PR_WITH_NDCG_HIT_K_10_W_4_M_50_SCORE_COMBINATION_WITH_SMOOTHING_computation_time,INTERPRETABILITY_CONDITIONAL_VOLUMN_PR_WITH_NDCG_HIT_K_10_W_5_M_50_SCORE_COMBINATION_WITH_SMOOTHING,INTERPRETABILITY_CONDITIONAL_VOLUMN_PR_WITH_NDCG_HIT_K_10_W_5_M_50_SCORE_COMBINATION_WITH_SMOOTHING_computation_time,INTERPRETABILITY_CONDITIONAL_VOLUMN_PR_WITH_NDCG_HIT_K_10_W_6_M_50_SCORE_COMBINATION_WITH_SMOOTHING,INTERPRETABILITY_CONDITIONAL_VOLUMN_PR_WITH_NDCG_HIT_K_10_W_6_M_50_SCORE_COMBINATION_WITH_SMOOTHING_computation_time,INTERPRETABILITY_CONDITIONAL_VOLUMN_PR_WITH_NDCG_HIT_K_10_W_7_M_50_SCORE_COMBINATION_WITH_SMOOTHING,INTERPRETABILITY_CONDITIONAL_VOLUMN_PR_WITH_NDCG_HIT_K_10_W_7_M_50_SCORE_COMBINATION_WITH_SMOOTHING_computation_time,INTERPRETABILITY_CONDITIONAL_VOLUMN_PR_WITH_NDCG_HIT_K_10_W_8_M_50_SCORE_COMBINATION_WITH_SMOOTHING,INTERPRETABILITY_CONDITIONAL_VOLUMN_PR_WITH_NDCG_HIT_K_10_W_8_M_50_SCORE_COMBINATION_WITH_SMOOTHING_computation_time,INTERPRETABILITY_CONDITIONAL_VOLUMN_PR_WITH_NDCG_HIT_K_10_W_9_M_50_SCORE_COMBINATION_WITH_SMOOTHING,INTERPRETABILITY_CONDITIONAL_VOLUMN_PR_WITH_NDCG_HIT_K_10_W_9_M_50_SCORE_COMBINATION_WITH_SMOOTHING_computation_time,INTERPRETABILITY_CONDITIONAL_VOLUMN_PR_WITH_NDCG_HIT_K_10_W_10_M_50_SCORE_COMBINATION_WITH_SMOOTHING,INTERPRETABILITY_CONDITIONAL_VOLUMN_PR_WITH_NDCG_HIT_K_10_W_10_M_50_SCORE_COMBINATION_WITH_SMOOTHING_computation_time,FFVUS_PR,FFVUS_PR_computation_time,PR_AUC,PR_AUC_computation_time,INTERPRETABILITY_CONDITIONAL_VOLUMN_PR_WITH_NDCG_HIT_K_1_W_10_M_50_SCORE_COMBINATION_WITH_SMOOTHING,INTERPRETABILITY_CONDITIONAL_VOLUMN_PR_WITH_NDCG_HIT_K_1_W_10_M_50_SCORE_COMBINATION_WITH_SMOOTHING_computation_time,INTERPRETABILITY_CONDITIONAL_VOLUMN_PR_WITH_NDCG_HIT_K_3_W_10_M_50_SCORE_COMBINATION_WITH_SMOOTHING,INTERPRETABILITY_CONDITIONAL_VOLUMN_PR_WITH_NDCG_HIT_K_3_W_10_M_50_SCORE_COMBINATION_WITH_SMOOTHING_computation_time,INTERPRETABILITY_CONDITIONAL_VOLUMN_PR_WITH_NDCG_HIT_K_5_W_10_M_50_SCORE_COMBINATION_WITH_SMOOTHING,INTERPRETABILITY_CONDITIONAL_VOLUMN_PR_WITH_NDCG_HIT_K_5_W_10_M_50_SCORE_COMBINATION_WITH_SMOOTHING_computation_time,INTERPRETABILITY_CONDITIONAL_VOLUMN_PR_WITH_NDCG_HIT_K_7_W_10_M_50_SCORE_COMBINATION_WITH_SMOOTHING,INTERPRETABILITY_CONDITIONAL_VOLUMN_PR_WITH_NDCG_HIT_K_7_W_10_M_50_SCORE_COMBINATION_WITH_SMOOTHING_computation_time,INTERPRETABILITY_CONDITIONAL_VOLUMN_PR_WITH_NDCG_HIT_K_9_W_10_M_50_SCORE_COMBINATION_WITH_SMOOTHING,INTERPRETABILITY_CONDITIONAL_VOLUMN_PR_WITH_NDCG_HIT_K_9_W_10_M_50_SCORE_COMBINATION_WITH_SMOOTHING_computation_time,INTERPRETABILITY_CONDITIONAL_VOLUMN_PR_WITH_NDCG_HIT_K_11_W_10_M_50_SCORE_COMBINATION_WITH_SMOOTHING,INTERPRETABILITY_CONDITIONAL_VOLUMN_PR_WITH_NDCG_HIT_K_11_W_10_M_50_SCORE_COMBINATION_WITH_SMOOTHING_computation_time,INTERPRETABILITY_CONDITIONAL_VOLUMN_PR_WITH_NDCG_HIT_K_13_W_10_M_50_SCORE_COMBINATION_WITH_SMOOTHING,INTERPRETABILITY_CONDITIONAL_VOLUMN_PR_WITH_NDCG_HIT_K_13_W_10_M_50_SCORE_COMBINATION_WITH_SMOOTHING_computation_time,INTERPRETABILITY_CONDITIONAL_VOLUMN_PR_WITH_NDCG_HIT_K_15_W_10_M_50_SCORE_COMBINATION_WITH_SMOOTHING,INTERPRETABILITY_CONDITIONAL_VOLUMN_PR_WITH_NDCG_HIT_K_15_W_10_M_50_SCORE_COMBINATION_WITH_SMOOTHING_computation_time,INTERPRETABILITY_CONDITIONAL_VOLUMN_PR_WITH_NDCG_HIT_K_17_W_10_M_50_SCORE_COMBINATION_WITH_SMOOTHING,INTERPRETABILITY_CONDITIONAL_VOLUMN_PR_WITH_NDCG_HIT_K_17_W_10_M_50_SCORE_COMBINATION_WITH_SMOOTHING_computation_time,INTERPRETABILITY_CONDITIONAL_VOLUMN_PR_WITH_NDCG_HIT_K_19_W_10_M_50_SCORE_COMBINATION_WITH_SMOOTHING,INTERPRETABILITY_CONDITIONAL_VOLUMN_PR_WITH_NDCG_HIT_K_19_W_10_M_50_SCORE_COMBINATION_WITH_SMOOTHING_computation_time,INTERPRETABILITY_CONDITIONAL_VOLUMN_PR_WITH_NDCG_HIT_K_21_W_10_M_50_SCORE_COMBINATION_WITH_SMOOTHING,INTERPRETABILITY_CONDITIONAL_VOLUMN_PR_WITH_NDCG_HIT_K_21_W_10_M_50_SCORE_COMBINATION_WITH_SMOOTHING_computation_time,INTERPRETABILITY_CONDITIONAL_VOLUMN_PR_WITH_NDCG_HIT_K_23_W_10_M_50_SCORE_COMBINATION_WITH_SMOOTHING,INTERPRETABILITY_CONDITIONAL_VOLUMN_PR_WITH_NDCG_HIT_K_23_W_10_M_50_SCORE_COMBINATION_WITH_SMOOTHING_computation_time,INTERPRETABILITY_CONDITIONAL_VOLUMN_PR_WITH_NDCG_HIT_K_25_W_10_M_50_SCORE_COMBINATION_WITH_SMOOTHING,INTERPRETABILITY_CONDITIONAL_VOLUMN_PR_WITH_NDCG_HIT_K_25_W_10_M_50_SCORE_COMBINATION_WITH_SMOOTHING_computation_time,INTERPRETABILITY_CONDITIONAL_VOLUMN_PR_WITH_NDCG_HIT_K_27_W_10_M_50_SCORE_COMBINATION_WITH_SMOOTHING,INTERPRETABILITY_CONDITIONAL_VOLUMN_PR_WITH_NDCG_HIT_K_27_W_10_M_50_SCORE_COMBINATION_WITH_SMOOTHING_computation_time,INTERPRETABILITY_CONDITIONAL_VOLUMN_PR_WITH_NDCG_HIT_K_29_W_10_M_50_SCORE_COMBINATION_WITH_SMOOTHING,INTERPRETABILITY_CONDITIONAL_VOLUMN_PR_WITH_NDCG_HIT_K_29_W_10_M_50_SCORE_COMBINATION_WITH_SMOOTHING_computation_time,INTERPRETABILITY_CONDITIONAL_VOLUMN_PR_WITH_NDCG_HIT_K_31_W_10_M_50_SCORE_COMBINATION_WITH_SMOOTHING,INTERPRETABILITY_CONDITIONAL_VOLUMN_PR_WITH_NDCG_HIT_K_31_W_10_M_50_SCORE_COMBINATION_WITH_SMOOTHING_computation_time,INTERPRETABILITY_CONDITIONAL_VOLUMN_PR_WITH_NDCG_HIT_K_33_W_10_M_50_SCORE_COMBINATION_WITH_SMOOTHING,INTERPRETABILITY_CONDITIONAL_VOLUMN_PR_WITH_NDCG_HIT_K_33_W_10_M_50_SCORE_COMBINATION_WITH_SMOOTHING_computation_time,INTERPRETABILITY_CONDITIONAL_VOLUMN_PR_WITH_NDCG_HIT_K_35_W_10_M_50_SCORE_COMBINATION_WITH_SMOOTHING,INTERPRETABILITY_CONDITIONAL_VOLUMN_PR_WITH_NDCG_HIT_K_35_W_10_M_50_SCORE_COMBINATION_WITH_SMOOTHING_computation_time,INTERPRETABILITY_CONDITIONAL_VOLUMN_PR_WITH_NDCG_HIT_K_37_W_10_M_50_SCORE_COMBINATION_WITH_SMOOTHING,INTERPRETABILITY_CONDITIONAL_VOLUMN_PR_WITH_NDCG_HIT_K_37_W_10_M_50_SCORE_COMBINATION_WITH_SMOOTHING_computation_time,INTERPRETABILITY_CONDITIONAL_VOLUMN_PR_WITH_NDCG_HIT_K_10_W_10_M_10_SCORE_COMBINATION_WITH_SMOOTHING,INTERPRETABILITY_CONDITIONAL_VOLUMN_PR_WITH_NDCG_HIT_K_10_W_10_M_10_SCORE_COMBINATION_WITH_SMOOTHING_computation_time,INTERPRETABILITY_CONDITIONAL_VOLUMN_PR_WITH_NDCG_HIT_K_10_W_10_M_20_SCORE_COMBINATION_WITH_SMOOTHING,INTERPRETABILITY_CONDITIONAL_VOLUMN_PR_WITH_NDCG_HIT_K_10_W_10_M_20_SCORE_COMBINATION_WITH_SMOOTHING_computation_time,INTERPRETABILITY_CONDITIONAL_VOLUMN_PR_WITH_NDCG_HIT_K_10_W_10_M_30_SCORE_COMBINATION_WITH_SMOOTHING,INTERPRETABILITY_CONDITIONAL_VOLUMN_PR_WITH_NDCG_HIT_K_10_W_10_M_30_SCORE_COMBINATION_WITH_SMOOTHING_computation_time,INTERPRETABILITY_CONDITIONAL_VOLUMN_PR_WITH_NDCG_HIT_K_10_W_10_M_40_SCORE_COMBINATION_WITH_SMOOTHING,INTERPRETABILITY_CONDITIONAL_VOLUMN_PR_WITH_NDCG_HIT_K_10_W_10_M_40_SCORE_COMBINATION_WITH_SMOOTHING_computation_time
machine-3-8.out,0.0153172866520787,0.5719943046569824,0.0812070144582571,0.2817528247833252,0.1205180069512584,0.4444637298583984,0.1514831369451677,0.386538028717041,0.1816444678183948,0.5810966491699219,0.214366094376149,0.5181677341461182,0.2566458325221153,0.4918160438537597,0.2965443534358072,0.4858160018920898,0.3362246009111469,0.5539219379425049,0.3766013736227417,0.4691717624664306,0.4130411386072325,0.4991922378540039,0.4447384357387373,0.5396938323974609,0.4869120688782468,0.502676248550415,0.550023038067259,0.4078094959259033,0.550530089865233,0.4512665271759033,0.5546688151212884,0.5616116523742676,0.5617483866659961,0.565166711807251,0.5680107522862927,0.5213181972503662,0.5680107522862927,0.563861608505249,0.2213331727113221,0.2992074489593506,0.2099311857230239,0.1892259120941162,0.2040371951880894,0.2323153018951416,0.2002397732594455,0.2248237133026123,0.1986072085754622,0.2251625061035156,0.19883813243662,0.2444372177124023,0.1993618858459732,0.2595620155334472,0.2003062952917484,0.2177474498748779,0.1994153958354125,0.27522873878479,0.1978885080475149,0.33869290351867676,0.1970142952901851,1.1049487590789795,0.1976602745120276,1.0999658107757568,0.1994546048204396,1.2811429500579834,0.2012472689281395,1.2888212203979492,0.2025438593901108,1.189058542251587,0.2025843077293397,1.2749478816986084,0.2036646444276911,1.2189991474151611,0.2049160392540125,1.6360230445861816,0.2042722391085365,1.5804002285003662,0.2032352467973237,1.386977195739746,0.2537946285813251,0.177358865737915,0.0732528690248727,6.238642692565918,0.0678286089748144,2.149174213409424,0.0651080347597599,1.8177392482757568,0.0645405107736587,2.028803586959839,0.063950510546565,1.9218699932098389,0.0629761416465044,2.0674831867218018,0.0629129028320312,2.026967287063598,0.0629813796281814,2.121181964874268,0.063851077184081,2.05403208732605,0.0631282873451709,1.8539481163024905,0.06270212404429913,2.344510316848755,0.05983230099081993,0.42588210105895996,0.04817083593452983,0.02137017250061035,0.0544601064175367,1.950644969940185,0.0559564746916294,1.5702173709869385,0.0572007078677415,1.9494633674621584,0.0595768942683935,2.5230891704559326,0.0619216753542423,2.6520049571990967,0.0643880222737789,2.0968806743621826,0.0699953243881464,2.084401845932007,0.0763395105302333,1.732933759689331,0.0838100359588861,2.748530864715576,0.0936075939238071,2.883663892745972,0.1009934213757515,2.9402618408203125,0.1068219755589962,1.5042147636413574,0.1147188021242618,1.9890460968017576,0.1314409130066633,1.8208589553833008,0.1314444208890199,1.6463382244110107,0.1322740502655506,2.091808795928955,0.1357759037613868,2.123729944229126,0.1373666387051343,1.971931219100952,0.1373666387051343,2.6799662113189697,0.0678246907889843,2.636420249938965,0.06449702568352222,2.3231000900268555,0.06310926501949628,2.241183042526245,0.06295882118865848,2.170304775238037
machine-3-6.out,0.5887772194304858,0.4094002246856689,0.6365793816333395,0.3936762809753418,0.6411061423224369,0.421128511428833,0.6250993847802511,0.3413350582122803,0.6486757217080048,0.3711361885070801,0.6687628880404225,0.4340200424194336,0.6794623728938084,0.3893218040466308,0.6882654671579349,0.3668570518493652,0.6975186104739322,0.3379662036895752,0.7054566230254533,0.3633432388305664,0.715131862261107,0.2548859119415283,0.7264097768318716,0.3268628120422363,0.7401546348772343,0.3084492683410644,0.7561054171746898,0.3340094089508056,0.7803164063818415,0.3309285640716553,0.7947823037608688,0.3353502750396728,0.7950324465681393,0.3869500160217285,0.7956019140061933,0.3816213607788086,0.7956263425238838,0.4835286140441894,0.6074437483577778,0.1774754524230957,0.6356843299822649,0.1451392173767089,0.6503573567212925,0.2006545066833496,0.6572925850797724,0.2369365692138672,0.6611123125292098,0.2673521041870117,0.6606262701847649,0.2426619529724121,0.658759426200828,0.2537579536437988,0.656471184071559,0.2800235748291015,0.6555540088310599,0.2839295864105224,0.6595796695139782,0.21771574020385742,0.6633358924980071,1.3140358924865725,0.6653848581554915,1.5609207153320312,0.6655264372196658,1.443988800048828,0.6672041984557763,1.5099859237670898,0.667995783160426,1.4695415496826172,0.6684233830029497,1.5055937767028809,0.6687394460341314,1.3838388919830322,0.6676718317827893,1.4790489673614502,0.6666005036748518,1.747968673706055,0.6667103527495758,1.814357042312622,0.5430556097824705,0.0558400154113769,0.1121789304167032,3.1272921562194824,0.1263488800823688,2.615802764892578,0.1316080207377672,3.1105573177337646,0.1337469941377639,1.9313547611236568,0.1335767756402492,2.6208107471466064,0.1314311327040195,2.046592950820923,0.1324708174169063,1.9689185619354248,0.1302469860762357,2.863976240158081,0.130739724561572,3.3536829948425293,0.1310235399752855,2.3192501068115234,0.13304954275488853,2.0315101146698,0.06339781731367111,0.0050013065338134766,0.04240097595850949,0.012865543365478516,0.1145216640084982,2.8032681941986084,0.1200194571912288,2.433565378189087,0.1285406506061553,2.4066531658172607,0.1256736781448126,2.1078217029571533,0.1304561631381511,2.897339344024658,0.1350885217636823,2.293529272079468,0.136784960925579,2.153463125228882,0.1392625484615564,2.105748653411865,0.1417800487577915,2.277937412261963,0.1438489920645952,2.2096824645996094,0.1482912500947714,1.925940990447998,0.1500983686000108,1.5954961776733398,0.1543973620980978,2.054993152618408,0.1577188825607299,1.5716466903686523,0.1641613586992025,1.8390257358551023,0.1675229469686746,1.6683151721954346,0.1677219708263874,2.268782615661621,0.1677219708263874,1.9089593887329104,0.1677219708263874,2.079040050506592,0.14561819918453695,2.3205454349517822,0.13818544074892997,2.1538748741149902,0.13576841726899147,2.0497748851776123,0.13421856584027408,2.359980821609497
machine-2-6.out,0.2665094339622642,0.3169081211090088,0.3494251829771903,0.2897300720214844,0.3573435269560645,0.26434326171875,0.3803590919001263,0.2245399951934814,0.4034908310941735,0.2372119426727295,0.4250690108017195,0.1922872066497802,0.4415947313737738,0.1896047592163086,0.4536905163217378,0.2576568126678467,0.4668686900991901,0.3124899864196777,0.479917574870225,0.280867338180542,0.4936091519429043,0.3170762062072754,0.5197803705854898,0.2520742416381836,0.5395736571592927,0.2550568580627441,0.5526214220088721,0.3592514991760254,0.5786049240065163,0.3003144264221191,0.58602389950663,0.2711043357849121,0.5971533740782312,0.2957768440246582,0.6210098459690853,0.3664982318878174,0.6242287097975763,0.4440870285034179,0.4290976172297527,0.1810548305511474,0.4249130716514844,0.3041744232177734,0.4246687807254473,0.2138817310333252,0.4195653716759662,0.2828404903411865,0.4175320235203595,0.2687408924102783,0.4171659521810655,0.344038724899292,0.4191343215604605,0.342247724533081,0.4154744163591896,0.2666835784912109,0.4152450487794155,0.2690258026123047,0.4129035005651402,0.2494335174560547,0.4139155334524023,1.220942735671997,0.4143691292290721,1.2889752388000488,0.4115454803385612,1.3300065994262695,0.4059205971219533,1.243990182876587,0.4030304873207921,1.163984775543213,0.4023922874483638,1.221035718917847,0.3992390631573909,1.2530903816223145,0.3958414704235686,1.2978973388671875,0.3941029449564601,1.3154268264770508,0.3938741084625691,1.101447343826294,0.4278151364296639,0.0848126411437988,0.0303061131015419,2.552340030670166,0.0301435561105608,2.154027938842773,0.0309241199120879,2.896212577819824,0.0306707391142845,2.631500244140625,0.0304064523056149,1.7293827533721924,0.030207068324089,2.067713975906372,0.030353126861155,2.1702513694763184,0.0304664040356874,2.2672882080078125,0.0306728964298963,2.2078490257263184,0.0307566271722316,2.9390454292297363,0.03078803662210703,3.0468990802764893,0.027890417724847794,0.008921384811401367,0.014351696810551045,0.01613926887512207,0.0289270442724227,2.900468587875366,0.029889005087316,3.120367288589477,0.0300282794982194,2.774469375610352,0.0305251998454332,2.6135077476501465,0.0308241315558552,2.594620943069458,0.0305193637683987,2.9578793048858643,0.0309947532042861,2.4825186729431152,0.0312179784476757,2.142785787582397,0.0313763493672013,2.5387089252471924,0.031898601539433,2.7659878730773926,0.0320085660740733,2.624919891357422,0.0332019185274839,2.035844564437866,0.033282156586647,3.002967834472656,0.0335710084065794,2.349655866622925,0.0336810445040464,1.8297381401062007,0.0338712996616959,1.9023401737213133,0.0339704316109418,1.9990150928497317,0.0341671025380492,2.032219171524048,0.0341671025380492,2.557664394378662,0.033315759152173996,1.9263222217559814,0.03140215501189232,1.5686759948730469,0.031206796194116274,1.6811225414276123,0.030902348272502423,2.0013294219970703
machine-2-8.out,1.0,0.2123632431030273,1.0,0.1713125705718994,1.0,0.1687688827514648,1.0000000000000002,0.170591115951538,1.0000000000000002,0.161318302154541,1.0,0.1390514373779297,1.0,0.1423919200897216,1.0,0.2030718326568603,1.0,0.1614007949829101,1.0,0.2421844005584716,0.9999999999999998,0.2067236900329589,0.9999999999999998,0.1424696445465088,1.0,0.1515512466430664,1.0,0.1734936237335205,1.0,0.1410250663757324,0.9999999999999998,0.1456274986267089,0.9684187212532728,0.1672945022583007,0.9708877761552586,0.1639256477355957,0.9989302865914658,0.1476702690124511,1.0000000000000002,0.0786566734313964,1.0000000000000002,0.0847244262695312,1.0000000000000002,0.078190803527832,1.0000000000000002,0.1085615158081054,1.0000000000000002,0.1197173595428466,1.0000000000000002,0.1755714416503906,1.0000000000000002,0.1372847557067871,1.0000000000000002,0.1502280235290527,1.0000000000000002,0.1543152332305908,1.0000000000000002,0.22354364395141602,1.0,0.8031597137451172,1.0,0.7560639381408691,1.0,0.7815589904785156,1.0,0.8180286884307861,1.0,0.8382992744445801,1.0,0.8506975173950195,1.0,0.8861405849456787,1.0,1.138977289199829,1.0,1.1868550777435305,1.0,1.519294261932373,1.0000000000000002,0.0197052955627441,0.0567373816668987,1.61700439453125,0.0567373816668987,1.6404974460601809,0.0567373816668987,2.012882947921753,0.0567373816668987,1.750243902206421,0.0567373816668987,1.7331290245056152,0.0567373816668987,1.5104289054870603,0.0567373816668987,1.7690083980560305,0.0567373816668987,2.421323537826538,0.0567373816668987,2.833060503005981,0.0567373816668987,2.164735555648804,0.05673738166689873,2.091008186340332,0.00897865928709507,0.009141683578491211,0.006769130259498237,0.01349949836730957,0.0567373816668987,1.419924020767212,0.0567373816668987,1.844698905944824,0.0567373816668987,2.2831742763519287,0.0567373816668987,1.4659640789031982,0.0567373816668987,1.669877290725708,0.0567373816668987,1.7786178588867188,0.0567373816668987,1.7726473808288574,0.0567373816668987,1.7886147499084473,0.0567373816668987,1.4774630069732666,0.0567373816668987,2.2620506286621094,0.0567373816668987,1.791673183441162,0.0567373816668987,1.789752960205078,0.0567373816668987,1.6441025733947754,0.0567373816668987,2.792062520980835,0.0567373816668987,2.510699987411499,0.0567373816668987,1.7592785358428955,0.0577592113241553,1.7344746589660645,0.0572040212713182,1.910856008529663,0.0567373816668987,1.892831563949585,0.06492746183648705,1.8315725326538086,0.058210980333387854,2.245262384414673,0.058517078931132956,1.6666622161865234,0.05743432641029358,1.6168923377990723
machine-2-4.out,0.2018890200708382,0.3893768787384033,0.2012987012987012,0.3383784294128418,0.1905770254629637,0.3152863979339599,0.1796422027033744,0.338294506072998,0.1802783172686739,0.22127366065979,0.1891983380071981,0.2770242691040039,0.2007663085438353,0.383061408996582,0.2093696997825977,0.3894069194793701,0.2183087840428962,0.3705034255981445,0.2271121199226328,0.2985804080963135,0.2337314899933233,0.3210103511810303,0.2542103745319269,0.282367467880249,0.2885808131851361,0.3609604835510254,0.366595937821217,0.354588508605957,0.4506078706831952,0.360203742980957,0.50159875599893,0.5085790157318115,0.50159875599893,0.3711621761322021,0.50159875599893,0.3726687431335449,0.50159875599893,0.3210313320159912,0.1950580306171796,0.2735569477081299,0.1921339988454222,0.1850724220275879,0.1905458176042876,0.2291760444641113,0.1893793671150116,0.2393937110900879,0.188904283936596,0.2593727111816406,0.1880879808252731,0.3220067024230957,0.1868464627973047,0.4471244812011719,0.1851029649191785,0.37819504737854,0.1840214662991456,0.3221848011016845,0.18338513237440157,0.33866047859191895,0.1821110514143006,1.2449114322662354,0.1815969703477356,1.3260009288787842,0.1817423715612943,1.1080036163330078,0.1817020375727711,1.211017370223999,0.181600337567123,1.1401219367980957,0.1819300796887639,1.2116854190826416,0.1817366331991006,1.305128574371338,0.1814881451877325,1.1600258350372314,0.1811866169154318,1.1690280437469482,0.1813476531064486,1.240323781967163,0.2057588371493688,0.1139464378356933,0.1125235149264335,2.383052587509156,0.1117197681963443,2.543691873550415,0.1120349691808223,2.09515643119812,0.1120878861844539,2.165698766708374,0.1120689651370048,2.1212306022644043,0.1110724730789661,1.6357417106628418,0.1110504847764968,1.8704042434692385,0.1106241500377655,2.8065338134765625,0.1099438609182834,3.3664140701293945,0.1093658179044723,3.0425736904144287,0.11002670317888259,2.0647809505462646,0.11712002009153366,0.014397859573364258,0.0722065214989274,0.01403951644897461,0.1106979055702686,2.695018529891968,0.1110887514054775,2.9234325885772705,0.1105575799942016,2.1990504264831543,0.1085526874661445,1.887390613555908,0.108917513936758,2.5678551197052,0.1106084868311882,2.353360176086426,0.1120617207884788,2.077724933624268,0.1132293805480003,2.244055986404419,0.1144132994115352,1.606454610824585,0.115178929567337,1.990872383117676,0.1154312841594219,2.1102864742279053,0.1173465560376644,1.671508550643921,0.1229157775640487,2.11187481880188,0.1532405650615692,1.7082111835479736,0.1924185727536678,1.8264756202697756,0.2088486301898956,2.604374408721924,0.2088486301898956,2.7536168098449707,0.2088486301898956,2.686406135559082,0.2088486301898956,2.7194583415985107,0.10998309999704362,2.2554426193237305,0.11006465367972851,2.325939655303955,0.11022024601697922,2.234928607940674,0.1101360060274601,1.5703895092010498
machine-2-7.out,0.1390887290167865,0.1928017139434814,0.4243910263318748,0.1771926879882812,0.4758884377575153,0.2018759250640869,0.4884022956708213,0.1911239624023437,0.4967348255069502,0.2113208770751953,0.5057933093353824,0.2716596126556396,0.516621940710417,0.3273451328277588,0.523812992775935,0.2185513973236084,0.5271324121368984,0.2190320491790771,0.5332760603322393,0.2069313526153564,0.5493182396147571,0.2545247077941894,0.595902661099456,0.2328107357025146,0.6276656915599875,0.2072536945343017,0.6696171743010397,0.2085027694702148,0.705028446124365,0.1680326461791992,0.7241295053043258,0.298673152923584,0.7251765578068698,0.1709139347076416,0.7265681146674257,0.1661264896392822,0.7265681146674257,0.2207155227661132,0.4887109824479007,0.1558277606964111,0.4820030311709686,0.2213914394378662,0.4859475411657982,0.1919026374816894,0.4845811886985828,0.2165677547454834,0.4870540858329282,0.2318835258483886,0.4903156840110677,0.2289834022521972,0.4922182298349745,0.2593300342559814,0.4960049767164249,0.1957945823669433,0.4970698863664342,0.2136054039001464,0.500259498260775,0.19341635704040527,0.5032644982069846,1.0381650924682615,0.5076774197068096,0.907140016555786,0.512130128664814,1.0765960216522217,0.5156371704378915,1.32322359085083,0.5134898921720754,1.0713152885437012,0.5106923756164176,1.1804563999176023,0.5111285784619606,1.1215779781341553,0.5145666467713552,1.2563834190368652,0.5179038961879713,1.2440011501312256,0.5214728160153851,1.470991849899292,0.5075387087687935,0.0743153095245361,0.0879464709758758,2.039093255996704,0.0895412176847458,2.047070026397705,0.087640997543931,1.968234062194824,0.086885217577219,1.390634298324585,0.0871539310365915,1.8704302310943604,0.0884027381241321,1.3614916801452637,0.0899407634884119,2.193363904953003,0.0896810215711593,2.5581812858581543,0.0899399203062057,1.95719313621521,0.0907245297729969,2.9156360626220703,0.09151503674685955,1.6839921474456787,0.06633516401052475,0.00603032112121582,0.01711878773015455,0.014213085174560547,0.0635702173411846,2.0434370040893555,0.0769339530915022,3.155358076095581,0.0866874045878648,2.3450422286987305,0.0894059938937425,2.5587267875671387,0.0915183671563863,2.320997714996338,0.0923134446144104,2.0840773582458496,0.0942022924125194,2.209479093551636,0.0950046747177839,1.8913614749908447,0.0961152143031358,1.628608226776123,0.0951145158708095,1.672445297241211,0.0971862460672855,1.6237947940826416,0.1041448570787906,1.421186923980713,0.1066679161787033,1.7931246757507324,0.1156234067678451,1.9716241359710691,0.1198212657868862,1.7395479679107666,0.1212714508175849,1.7527217864990234,0.1219837775081396,2.2032454013824463,0.1219837775081396,2.212512254714966,0.1219837775081396,2.1499037742614746,0.08706896118819714,1.644118309020996,0.08969042785465717,1.4908556938171387,0.09024934942523638,1.847808599472046,0.09090269142761827,1.5076446533203125
machine-2-3.out,0.8773234200743495,0.166677713394165,0.6113073406822478,0.2605142593383789,0.5848621606994093,0.2306051254272461,0.573468090488897,0.2393701076507568,0.5653861986494044,0.1729638576507568,0.5715873954768785,0.1908979415893554,0.5923255470468552,0.2188813686370849,0.6088628011282012,0.2415797710418701,0.6341375491666787,0.2344844341278076,0.6629730119353635,0.2496442794799804,0.7003481273052524,0.2353227138519287,0.7172989662041527,0.2097840309143066,0.7331896620601518,0.2250869274139404,0.7565656673903315,0.1790080070495605,0.7769645197818504,0.2050800323486328,0.7894043037610878,0.2385838031768798,0.79311997872844,0.1795508861541748,0.79311997872844,0.2182404994964599,0.79311997872844,0.2001066207885742,0.5516182379253207,0.1488995552062988,0.5542600482624963,0.1831669807434082,0.5607773891397971,0.1906509399414062,0.5671781731242513,0.1652476787567138,0.5669805533638048,0.1609992980957031,0.567568291657997,0.2477173805236816,0.5679083939884897,0.2675144672393799,0.5665840769522911,0.2262454032897949,0.564332650640498,0.2924928665161133,0.5665534775346248,0.23091650009155273,0.5689623928851415,1.0508620738983154,0.5670586540224832,0.9089980125427246,0.5670339990070671,1.0089490413665771,0.5669933870520508,1.095144748687744,0.5666549501961957,1.1005284786224363,0.5665738977831506,1.0403110980987549,0.5691203389743921,1.2213764190673828,0.5686343308955535,1.232619285583496,0.5687938501953652,1.3860652446746826,0.5679492839094146,1.217916488647461,0.5372102750390236,0.0669481754302978,0.0549340850114822,2.302706956863404,0.0548225248605012,1.6975867748260498,0.0548225248605012,1.7146475315093994,0.0560927928611636,1.962653875350952,0.0560927928611636,1.5137546062469482,0.0549401839077472,1.6656663417816162,0.0544938268512487,2.220355033874512,0.0549112902581691,2.107906579971313,0.0540787479281425,2.728747606277466,0.0549112902581691,2.51533579826355,0.054078747928142545,1.7386126518249512,0.03590153530240059,0.00870656967163086,0.012401908662653893,0.014100313186645508,0.0871839410066604,1.7997896671295166,0.0592134690657258,2.1593480110168457,0.0587884614244103,1.880815505981445,0.0561916833370924,2.4407272338867188,0.0553375416621565,2.8719301223754883,0.0544938268512487,2.7497944831848145,0.0562167757749557,2.490804672241211,0.0578959261998534,1.9001269340515137,0.0592514411360025,1.6034049987792969,0.0624508278816938,2.059782028198242,0.0715410893410444,1.845060110092163,0.0743029709160327,1.919238567352295,0.0760302460938692,1.8800954818725584,0.0782874392718076,1.848442792892456,0.0806755553185939,1.8580172061920168,0.0806755553185939,1.6845955848693848,0.0812515365332365,1.7061967849731443,0.0812515365332365,1.784550428390503,0.0812515365332365,2.502593755722046,0.057417336665093896,2.190380811691284,0.055126700550317764,1.979445457458496,0.054522393209238844,2.422537326812744,0.054374975198879835,1.7385950088500977
machine-2-1.out,0.1658119658119658,0.3104853630065918,0.2581618972316875,0.2370789051055908,0.2961149961530622,0.2353267669677734,0.3381825124348939,0.3008334636688232,0.3652402113251169,0.3297686576843261,0.3861137375523286,0.2175028324127197,0.4067782085019338,0.2255828380584716,0.4262106813676518,0.3061752319335937,0.4462392589394624,0.2423202991485595,0.4647891046680916,0.2334852218627929,0.4745381659997867,0.3060393333435058,0.4770568461042671,0.3284873962402344,0.4745153308914911,0.3393557071685791,0.5015697835313934,0.3485019207000732,0.5447778984998346,0.2404625415802002,0.5825175797574969,0.2403929233551025,0.5984851681899507,0.2562246322631836,0.5984851681899507,0.2303035259246826,0.5984851681899507,0.2043566703796386,0.3856105699319078,0.225064992904663,0.3799582814439364,0.2698917388916015,0.378364038624187,0.3819742202758789,0.3776468035985355,0.280078649520874,0.3768400289435711,0.2936410903930664,0.3776838194939498,0.3398857116699219,0.3769951454129683,0.3255586624145508,0.3768703597519573,0.378206729888916,0.3755810872184781,0.3952856063842773,0.376069755431622,0.2801790237426758,0.3763606186496309,1.0739929676055908,0.37617028545737,1.099982976913452,0.3757069869063346,1.4035403728485107,0.3745778541615267,1.202497959136963,0.3732836493353733,1.2203996181488037,0.3716216210061857,1.456150770187378,0.3717680794738101,1.2940497398376465,0.3709650067644769,1.453351974487305,0.3700070177165089,1.2429866790771484,0.368055702188114,1.2475824356079102,0.3937272056737201,0.1820840835571289,0.1411643899232149,2.4450504779815674,0.1367356272786855,1.8883867263793943,0.1365823077410459,1.6145541667938232,0.1348116163909435,1.4060430526733398,0.1358702687174081,2.522075653076172,0.1337042517215013,2.4511215686798096,0.133599961400032,1.8797402381896973,0.1334278114140033,2.825903415679932,0.133993290066719,1.3845901489257812,0.1352600485086441,1.9906768798828125,0.13436186112463475,2.060905694961548,0.07867874950170517,0.00963592529296875,0.048836062884804354,0.02295827865600586,0.079690455943346,1.94857120513916,0.1004567528516054,2.4492008686065674,0.1134523606300354,2.407205104827881,0.1247762012481689,2.360815525054932,0.1310227958858013,2.263054132461548,0.1393216583877801,2.3397786617279053,0.1450509406626224,2.72252893447876,0.1511808095872402,2.7782142162323,0.1585817146301269,2.676011085510254,0.1651592670381069,2.0639455318450928,0.1695685847848654,2.074181079864502,0.1701752261072397,2.3109140396118164,0.1724790190905332,2.0917677879333496,0.1822195716947317,2.1747069358825684,0.205289745926857,2.367603540420532,0.2212715402245521,2.173083543777466,0.2269656426459551,1.9904026985168457,0.2269656426459551,1.8813724517822263,0.2269656426459551,2.801677227020264,0.14788189865648746,1.7791457176208496,0.13870723657310008,1.9723970890045166,0.13627005219459534,2.292900800704956,0.13519541462883353,1.5088586807250977
machine-1-2.out,0.1586715867158671,0.2143959999084472,0.2235043511985248,0.255228042602539,0.2381043256119886,0.2810413837432861,0.2675222245158922,0.2508187294006347,0.3000334834846122,0.2198948860168457,0.3192216655272435,0.2052710056304931,0.3392910398539914,0.2313182353973388,0.3608349964477751,0.1968166828155517,0.3849765013576354,0.1872727870941162,0.4115628816350263,0.200423002243042,0.4378881416532712,0.1910429000854492,0.4651113067464081,0.20931077003479,0.4923302278719757,0.2726328372955322,0.5217278795842178,0.2979483604431152,0.5367899069846639,0.253274917602539,0.5710153124497027,0.2060701847076416,0.5806462386441271,0.2414419651031494,0.5807372228912245,0.2896525859832763,0.5807372228912245,0.221454381942749,0.3137112200016398,0.195796251296997,0.3138486341520802,0.1524207592010498,0.3141910330752386,0.1975443363189697,0.3102876781564632,0.169776439666748,0.3074150956452929,0.2297608852386474,0.3080555925145091,0.2944483757019043,0.3100715498690703,0.1745250225067138,0.3106746819138982,0.2031004428863525,0.3080893808735619,0.2955577373504638,0.30900803777436747,0.21749162673950195,0.3073373501618675,1.0319766998291016,0.3056569833423928,0.969984769821167,0.3051036039778774,0.9729902744293212,0.3069786991064182,0.9512510299682616,0.3081010466904532,0.9497697353363036,0.3083228321571306,0.964501142501831,0.3087604909799679,1.0004630088806152,0.3059332946010958,0.9715924263000488,0.3031681334468254,0.983851194381714,0.3023277599208174,1.0056812763214111,0.3160084441136745,0.0483341217041015,0.0850768527761101,2.574026584625244,0.083541261665523,1.8349244594573968,0.0832901661098003,1.5408587455749512,0.0829962635785341,1.8155765533447263,0.0824221882596612,2.133805751800537,0.0819936975091695,2.0992703437805176,0.0827902965247631,1.6363165378570557,0.0821062297746539,1.686878681182861,0.0823542725667357,1.600752592086792,0.0825738172233104,1.609245538711548,0.08235301442444325,1.7971668243408203,0.04655207693576813,0.011672496795654297,0.023278090902441824,0.028536319732666016,0.0443566940724849,2.053327798843384,0.0540156343206763,2.009903907775879,0.0614968305826187,2.1004269123077397,0.0723782511800527,2.977571725845337,0.0803954387083649,2.822603225708008,0.0853693138435483,2.3603830337524414,0.0892465597763657,2.079433917999268,0.0937140925973653,1.8690032958984373,0.0993366219848394,2.407545328140259,0.1044971302896738,1.7857463359832764,0.1102349361777305,2.0909671783447266,0.1163828162848949,1.9296629428863523,0.122318000420928,1.9105279445648196,0.1276704882085323,2.149906873703003,0.1312674593180418,2.78652572631836,0.1459917087852955,2.027404546737671,0.1474385043978691,1.5883581638336182,0.1474385043978691,1.5812056064605713,0.1474385043978691,2.172334671020508,0.1070745712146163,1.4343900680541992,0.09004734279587864,1.7341465950012207,0.08481359556317329,2.0208075046539307,0.08344669193029404,1.961230754852295
machine-3-11.out,0.3333333333333333,0.2028374671936035,0.4826492916133014,0.1685082912445068,0.5712572316124556,0.2278578281402588,0.6101920841018096,0.2293906211853027,0.6391215647208486,0.2120146751403808,0.6700217131379324,0.2495708465576172,0.6968886775970632,0.2044997215270996,0.7204619179474135,0.2032694816589355,0.7337957038606177,0.2160253524780273,0.7353322700179379,0.2038049697875976,0.747274606349483,0.2020907402038574,0.7682027109311255,0.1768801212310791,0.7768534828027661,0.1947803497314453,0.7981784158774013,0.2205450534820556,0.8132665422500268,0.2033660411834716,0.8235358340181426,0.2057547569274902,0.8319862036143861,0.2521390914916992,0.8339442229111247,0.2073066234588623,0.8422160161486956,0.2090575695037841,0.6559142842605752,0.1186599731445312,0.6612837861633023,0.1087837219238281,0.6569553519633744,0.1212363243103027,0.6519269211180613,0.1280634403228759,0.652160957170802,0.1455745697021484,0.6549714747707587,0.1499969959259033,0.6607972342990234,0.160435676574707,0.6609556805544916,0.1612310409545898,0.6564145944904174,0.1531803607940673,0.6556545929749938,0.2461090087890625,0.6604141924103749,0.8673434257507324,0.665085147838672,0.8836920261383057,0.6665397381972696,0.914046049118042,0.6665850109733444,0.9200987815856934,0.6685853646886366,0.9824795722961426,0.6690737264781158,0.9644625186920166,0.6703577885181436,1.0115315914154053,0.6682733642386733,1.015790939331055,0.6702277889980833,1.073817491531372,0.6725013033347357,1.0754029750823977,0.6490585167034794,0.0387594699859619,0.1085466029495,1.4385077953338623,0.1097930558957159,1.9329748153686523,0.1143191106989979,1.6705174446105957,0.1118571167252957,1.6203444004058838,0.1102432552538812,1.9217166900634768,0.1100243580900132,2.563820600509644,0.1100409737229347,3.1158368587493896,0.1091590342111885,2.742851972579956,0.1106025066599249,2.1347768306732178,0.1093355848453939,2.0508501529693604,0.10350368106737733,2.452115058898926,0.012304608710110188,0.0065577030181884766,0.007276019119266591,0.033020973205566406,0.0381119338609278,1.7467515468597412,0.0680952129699289,1.9095606803894043,0.0844908079504966,1.8841843605041504,0.096314627379179,2.0175392627716064,0.097929107863456,1.898276090621948,0.105740411914885,2.167551040649414,0.1097422705963254,2.102867364883423,0.1168699047900736,1.9551565647125244,0.1195275767147541,2.0291473865509038,0.1234660983085632,1.705821514129639,0.1237565262801945,1.7473580837249756,0.1318777162581682,1.7350566387176514,0.1332229541242122,2.7263317108154297,0.1336580903641879,2.4746580123901367,0.1375496065244078,2.6373562812805176,0.1422223911806941,2.1344757080078125,0.1443668306246399,1.733415603637695,0.1443668306246399,1.8454861640930176,0.1426401115395128,2.031830072402954,0.10451243650168181,1.9390194416046143,0.10417830320075154,1.6344797611236572,0.10409013725196321,2.037952423095703,0.10373149181250482,1.792806625366211
machine-1-5.out,0.77,0.1700937747955322,0.750614425479545,0.1839351654052734,0.673376389120169,0.1724212169647216,0.640766410231516,0.1814911365509033,0.6177407583241891,0.2077846527099609,0.6202899463964383,0.1742868423461914,0.646353222761823,0.184563398361206,0.6729856951623522,0.184194803237915,0.699612378438846,0.1687438488006591,0.7335460367179556,0.1677579879760742,0.7603159066378298,0.1790103912353515,0.7855403233795873,0.1687996387481689,0.8050201128526855,0.173288345336914,0.8237571965153702,0.188727855682373,0.8271790612641512,0.1680676937103271,0.8305528126041314,0.1762993335723877,0.8305528126041314,0.1498477458953857,0.8305528126041314,0.1848981380462646,0.8305528126041314,0.1473767757415771,0.5524276584363288,0.0672998428344726,0.5830192235974784,0.070535659790039,0.5841847839342585,0.0725655555725097,0.5911075857188232,0.0844030380249023,0.594256492313508,0.0967938899993896,0.6066661718638179,0.1121993064880371,0.6124903054770247,0.1681792736053466,0.6117696530537698,0.2570033073425293,0.6153057242517683,0.1306242942810058,0.6137511270082604,0.2078549861907959,0.6143842927163164,0.6895678043365479,0.6152943507776643,0.7216508388519287,0.6196372985615656,0.7437403202056885,0.6198687167407215,0.7716772556304932,0.6215735582640005,0.8249664306640625,0.6249180739429006,0.9395897388458252,0.624175848573396,0.9598276615142822,0.6208655857645878,0.9852292537689208,0.6198341573429025,1.0478060245513916,0.6230206127370893,1.2964787483215332,0.5119517642599241,0.0079524517059326,0.0213112286105752,1.7782166004180908,0.021226931810379,1.7486109733581543,0.0213875875622034,1.442934513092041,0.0217822508141398,1.6839008331298828,0.0217822508141398,1.7904884815216064,0.0217046247050166,2.431746482849121,0.022153759971261,2.2594571113586426,0.0219072464108467,2.0814499855041504,0.0220195745304226,2.057971477508545,0.0219072464108467,1.9742529392242432,0.021685041189193725,1.4147374629974365,0.021077029407024384,0.006787300109863281,0.004945208295218091,0.010542869567871094,0.0262484055012464,1.7487547397613523,0.0232014161720871,1.920029640197754,0.0222564044594764,1.4957730770111084,0.0221562660485506,1.892333745956421,0.0216392160579562,1.344710350036621,0.0216850411891937,1.4370574951171875,0.0221562660485506,1.436511754989624,0.0217375261336565,1.4412739276885986,0.0221562660485506,1.3649091720581057,0.02292734246701,1.468815803527832,0.02292734246701,1.667445182800293,0.0242816211283206,1.8145935535430908,0.0242816211283206,1.6427044868469238,0.0248816141858696,2.0885283946990967,0.0248816141858696,1.8746724128723145,0.0248816141858696,1.3407342433929443,0.0248816141858696,1.629194736480713,0.0248816141858696,2.058276653289795,0.0248816141858696,1.8133361339569087,0.023064531572163104,1.8432018756866455,0.02216774821281433,1.3377938270568848,0.021897072531282903,1.5078694820404053,0.021852175006642938,1.810382604598999
machine-3-9.out,0.1584158415841584,0.2750556468963623,0.2593418713336252,0.223069429397583,0.3100723527503153,0.1921141147613525,0.3348766598171532,0.2297272682189941,0.3476620244535102,0.2010054588317871,0.3574989094457415,0.2818963527679443,0.3755016199262577,0.2814044952392578,0.392292009745967,0.3631458282470703,0.418955271586792,0.246739387512207,0.4491085925877617,0.2189440727233886,0.4600356322025534,0.2365517616271972,0.4738512665194315,0.2389910221099853,0.483487582346687,0.2132573127746582,0.5287278711140239,0.237527847290039,0.5600215933878775,0.2258563041687011,0.5600215933878775,0.250300645828247,0.5600215933878775,0.2614874839782715,0.5681100890949873,0.322885513305664,0.5974535049826286,0.2322096824645996,0.3484391023611629,0.1909060478210449,0.3511371098707891,0.2192096710205078,0.3513311012701728,0.1449651718139648,0.3507491470044452,0.2425196170806884,0.3517308913791649,0.1929264068603515,0.3552074211432589,0.2755947113037109,0.3574575586922359,0.1926546096801757,0.3547940926279559,0.2531247138977051,0.3519445466461031,0.4664292335510254,0.35001096865161296,0.26093220710754395,0.3512917776551595,1.1370949745178225,0.3514288357151277,1.229984998703003,0.3506471495026595,1.1937453746795654,0.3497234998059947,1.1652374267578125,0.3475622938259939,1.3099548816680908,0.3467183059504654,1.3825664520263672,0.3477925317001824,1.3584794998168943,0.3480337746137992,1.668012619018555,0.3496471296441836,1.63798189163208,0.3512493148875993,1.5239710807800293,0.362998829023003,0.0371060371398925,0.0256182692572474,2.209995985031128,0.0242957554012537,2.7113773822784424,0.024981078878045,2.351325035095215,0.0259752780385315,2.278925657272339,0.0275250210985541,2.618147134780884,0.0283707231283187,2.2599689960479736,0.0264428390935063,2.162832975387573,0.0254102875106036,2.2701570987701416,0.0260937899537384,2.1500473022460938,0.0260937899537384,2.102797746658325,0.026093789953738452,2.3855907917022705,0.01815248653292656,0.006812572479248047,0.010695058220926167,0.016695261001586914,0.0198058512993156,2.507693290710449,0.022304559815675,2.223546504974365,0.0235027777217328,3.029802083969116,0.025749583132565,3.07317852973938,0.0257704709470272,2.6445841789245605,0.0264428390935063,3.2562737464904785,0.0256340289115905,3.0129811763763428,0.0266869678907096,2.6739959716796875,0.0285113520175218,2.435851812362671,0.0328351788967847,1.9481008052825928,0.0345011457428336,2.409979820251465,0.0365102618560194,2.896230936050415,0.0365102618560194,1.6355135440826416,0.0386796074733138,1.7580304145812988,0.0392115752026438,1.692617893218994,0.0392115752026438,1.850559949874878,0.0392115752026438,2.2082996368408203,0.0402885269001126,2.057056427001953,0.0414530772343277,1.8674635887146,0.0322147062048316,1.7858288288116455,0.02848063185811043,1.9259459972381592,0.02703707224378983,2.0446629524230957,0.026549547258764506,1.9826209545135498
machine-1-1.out,0.2152932442464736,0.4240903854370117,0.3892241621532157,0.3205273151397705,0.4037314635902187,0.2853090763092041,0.3994067627395787,0.3442144393920898,0.4006468089430939,0.3396544456481933,0.4048370443722962,0.2821316719055176,0.4095038689401279,0.3137743473052978,0.4192495776179425,0.3808705806732178,0.4356774418313581,0.3556768894195556,0.4584341127784944,0.3551554679870605,0.4857753050316246,0.4898314476013183,0.5351394514177289,0.361809492111206,0.5860170083407918,0.2838218212127685,0.6187642366078272,0.4424777030944824,0.633846109350855,0.3711774349212646,0.6629012867001222,0.3329746723175049,0.6683441697582885,0.3082273006439209,0.6683441697582885,0.3152735233306885,0.6725608514416539,0.3943555355072021,0.391909313941451,0.3287551403045654,0.3895640680222471,0.2928366661071777,0.3915077949800808,0.3030538558959961,0.3930599063198625,0.4955689907073974,0.3943383900771149,0.3540835380554199,0.3962733014234342,0.4078965187072754,0.3981948880167496,0.4622159004211426,0.4002421282604856,0.5052223205566406,0.4022093923022536,0.5795986652374268,0.40266407624014977,0.3458833694458008,0.4022815779040718,1.480886936187744,0.4022058570375441,1.5110924243927002,0.4017930003738078,1.3890531063079834,0.4018744055340372,1.4968957901000977,0.4014373929278369,1.6360032558441162,0.4008248332946964,1.726998805999756,0.400904794095071,1.6319758892059326,0.40052674052429,2.1227121353149414,0.4008292108620664,1.984372615814209,0.399181823158635,2.0468807220458984,0.4141536385272704,0.3555402755737304,0.1099179689586162,2.280460834503174,0.1099179689586162,2.158627510070801,0.1098810498416423,2.1498589515686035,0.1098810498416423,1.9908249378204343,0.1098810498416423,2.546157121658325,0.1098810498416423,1.829829216003418,0.1099203318357467,2.20870041847229,0.1099203318357467,2.5738353729248047,0.1099222339689731,2.3466241359710693,0.1099203318357467,2.42766547203064,0.10992223396897316,1.9815657138824463,0.1097787544131279,0.011499166488647461,0.09584347243967828,0.013213396072387695,0.109802455753088,2.3324968814849854,0.1098874640464782,2.1968791484832764,0.1098685330152511,2.250173568725586,0.1099176742136478,2.5618114471435547,0.1099222339689731,2.599156618118286,0.1099230229854583,2.927452564239502,0.1099218848347663,2.081360101699829,0.1099033933877944,2.871736764907837,0.1099258284270763,2.5335586071014404,0.110008577555418,3.0341498851776123,0.1100530962646007,3.0315732955932617,0.1102269829809665,2.250600099563598,0.1103241483867168,1.9535090923309328,0.1105677552521228,2.261098623275757,0.1105797196924686,2.0829319953918457,0.1105887234210968,2.993150472640991,0.1105985094606876,1.8300974369049072,0.1105985094606876,1.9192125797271729,0.1105985094606876,1.9148263931274412,0.11000069230794907,2.5107357501983643,0.10995192006230355,2.1141111850738525,0.10993422642350197,1.9570255279541016,0.10992835499346257,1.9247686862945557
machine-3-4.out,0.804503582395087,0.1815078258514404,0.5023656314117962,0.2209904193878173,0.383740549580455,0.2465064525604248,0.3493064835966605,0.2244770526885986,0.3418625228359253,0.275676965713501,0.3875361479767658,0.227630615234375,0.4154651658123097,0.2523801326751709,0.4274135522387675,0.2104458808898925,0.4340352913026543,0.2003476619720459,0.4475128039999269,0.2561314105987549,0.4647407483394098,0.2775278091430664,0.506220007616377,0.2254085540771484,0.6030714724041043,0.249157428741455,0.6551584476355624,0.274949312210083,0.6573802115535471,0.2489807605743408,0.6573802115535471,0.2341692447662353,0.657951530389385,0.238558292388916,0.657951530389385,0.3271698951721191,0.657951530389385,0.2661135196685791,0.3350426476285116,0.1364932060241699,0.3394267278349764,0.2439603805541992,0.3437083592520999,0.1653432846069336,0.348197511989166,0.2155792713165283,0.3532396548939088,0.2001426219940185,0.3570453896396029,0.2940866947174072,0.3588911283584053,0.2998995780944824,0.3623306738056421,0.3236434459686279,0.3654628188088111,0.2253110408782959,0.36768843200418994,0.19485688209533691,0.3687058476274765,1.1219279766082764,0.3688185600304978,1.1210269927978516,0.3693457254036235,1.3559739589691162,0.3712224531549871,0.9874715805053712,0.3725113881483879,1.3045732975006104,0.37417104141439,1.36995267868042,0.3774350750864556,1.3510887622833252,0.3798612291564524,1.2150166034698486,0.3817210342091549,1.200422286987305,0.3843587267228527,1.5999410152435305,0.3233758312471161,0.0879642963409423,0.2029586879909038,2.203610420227051,0.204769168049097,2.913142204284668,0.2093146786093712,2.237890720367432,0.2062088839709758,1.78899884223938,0.2017407961189747,1.3077523708343506,0.2072077594697475,1.6735570430755615,0.2092918949574232,1.61195707321167,0.2038921061903238,1.887906789779663,0.2052523981034755,1.698378086090088,0.2060373979061842,1.9560723304748533,0.2073703671246767,1.664454460144043,0.05917394533753395,0.009090900421142578,0.041691047169608676,0.010456323623657227,0.3748584926873445,2.309554100036621,0.2268116784840822,2.108892679214477,0.1919896096736192,1.7465169429779053,0.1819426155090332,1.9412193298339844,0.1894566701352596,2.2636590003967285,0.2178007920831441,3.029965877532959,0.2370832239836454,2.03069806098938,0.2464377480000257,1.9668519496917725,0.2492169332504272,2.302706480026245,0.2560522581636906,2.1859638690948486,0.2673205331712961,2.393467664718628,0.2903029395639896,2.532790184020996,0.3455679869651794,1.650548219680786,0.3823802122473717,1.7329142093658447,0.3946834668517113,2.00089168548584,0.3946834668517113,1.8381569385528564,0.4006523650884628,1.830339193344116,0.4006523650884628,2.3074193000793457,0.4006523650884628,2.3563592433929443,0.2043593678623438,1.5188047885894775,0.20829676147550344,1.560384750366211,0.20733780053754647,1.6114463806152344,0.2060390838421881,1.8856382369995117
machine-3-10.out,0.3638968481375358,0.4021544456481933,0.4668894051531403,0.2924327850341797,0.4330576585121315,0.2799558639526367,0.4248906112729864,0.2476096153259277,0.4208912745725881,0.3002731800079345,0.4274581550108811,0.2983434200286865,0.4289433447778496,0.2502074241638183,0.4465218728726576,0.2804698944091797,0.4850224886501813,0.2522172927856445,0.5304304143667061,0.2398231029510498,0.5840496483632543,0.2804422378540039,0.6399531460885283,0.2830007076263428,0.6907751081331311,0.3104145526885986,0.7154127471523479,0.2525317668914795,0.7228339180279096,0.2371876239776611,0.7239941669999161,0.2387816905975341,0.7239941669999161,0.2353262901306152,0.7239941669999161,0.3096542358398437,0.7239941669999161,0.227724552154541,0.4209569498499773,0.207829475402832,0.4177179168691275,0.224600076675415,0.4166278179881194,0.2184429168701172,0.4186215761812807,0.224602460861206,0.4209458033596772,0.2969169616699219,0.4207655961270944,0.2037532329559326,0.4199765517088186,0.2034931182861328,0.421549963925569,0.2269172668457031,0.4219426145892079,0.2880656719207763,0.4225551501423079,0.27901721000671387,0.4242174389072693,0.8810756206512451,0.4263131959111521,0.9060134887695312,0.425493473697326,0.9455547332763672,0.4256224209832278,1.09637713432312,0.4275006956253031,1.2210633754730225,0.4277713713761932,1.350175142288208,0.4297867363656701,1.3203284740447998,0.4326476793428216,1.2253599166870115,0.4333112728346018,1.194927215576172,0.4337132312901459,1.1331439018249512,0.4240060527477877,0.047635793685913,0.1310287968814373,2.142317295074463,0.13131372615695,2.2770395278930664,0.1297978469729423,2.0824790000915527,0.1302326425909996,1.7872068881988523,0.1297424342483282,2.461686849594116,0.1300659216195344,2.1220574378967285,0.129879292473197,2.021370649337769,0.1296482740342617,2.09317398071289,0.130059325993061,1.9186019897460933,0.129849292114377,2.6447224617004395,0.12994043342769146,2.350450277328491,0.07382173091173172,0.022080183029174805,0.043095459701027565,0.03152346611022949,0.0964032164961099,1.5377535820007324,0.1239415339380502,2.36786150932312,0.121418126001954,2.226787805557251,0.1224514877796173,2.0956289768218994,0.1280561362951994,2.496696949005127,0.1324787253886461,2.2693350315093994,0.1344110753387212,2.4289956092834477,0.1395663697272539,2.2093796730041504,0.1485171210765838,2.164829730987549,0.1587510558962822,2.132260322570801,0.1693475841730833,1.829927921295166,0.1808478567749261,2.486621856689453,0.1913645761460065,2.099740028381348,0.1972367686033249,1.930172681808472,0.1984951028227806,2.007291316986084,0.1986516623944044,2.544379234313965,0.1986516623944044,2.333269596099853,0.1986516623944044,2.48968505859375,0.1986516623944044,1.994938611984253,0.1663633890450001,1.671046257019043,0.14150290098041296,1.522305965423584,0.13495187945663928,1.5521948337554932,0.13264760067686437,1.8268134593963623
machine-3-7.out,0.716589861751152,0.2874875068664551,0.7257808045419203,0.3067502975463867,0.7541560421303305,0.244713544845581,0.7642005507550318,0.2313709259033203,0.7730788182911449,0.2270426750183105,0.787189061566549,0.2289321422576904,0.7998480013323224,0.272061824798584,0.7730620358590374,0.3308916091918945,0.7800032996258441,0.2458987236022949,0.7780015541571428,0.2550942897796631,0.7706127267859478,0.2293610572814941,0.7648017002422102,0.2408795356750488,0.7616775906326569,0.2649044990539551,0.7757562842377791,0.2627291679382324,0.7946102803279566,0.2984418869018554,0.8362732901253865,0.2840385437011719,0.8778801937073772,0.2264876365661621,0.8778801937073772,0.257453441619873,0.8778801937073772,0.2347486019134521,0.7305731651384785,0.1030745506286621,0.7417954444530009,0.1554653644561767,0.7557794607533345,0.1731126308441162,0.764313978938191,0.2308793067932129,0.768784358615512,0.290097713470459,0.7715496115509719,0.3650274276733398,0.7760617827411354,0.2843160629272461,0.7760194811582145,0.2381393909454345,0.7784589299863224,0.2594938278198242,0.7807725055481224,0.23182058334350586,0.7818705355578004,0.9699854850769044,0.7838815968832142,1.063014268875122,0.7840171407558543,1.0289583206176758,0.7850934308064799,1.3950698375701904,0.7873686811068504,1.3779537677764893,0.7882371064372728,1.4931402206420898,0.7889476421154431,1.417923927307129,0.7885337247881871,1.3339366912841797,0.7883908316390892,1.4279487133026123,0.789000273940783,1.5661802291870115,0.7115027242969642,0.021216869354248,0.0964631352946162,1.9564404487609863,0.0888229728117585,2.437417984008789,0.0883884807676076,2.5362489223480225,0.0832391892373561,2.255957126617432,0.0830862179026007,1.99315881729126,0.0834121013060212,1.9014463424682613,0.0808715469762682,2.188502311706543,0.0812212308123707,2.557743787765503,0.0812693374976515,2.729126214981079,0.0817251324653625,1.946171998977661,0.08163221243768931,2.939465284347534,0.024464933201670647,0.004113912582397461,0.01543295931828453,0.013021707534790039,0.0511837104707956,2.1096529960632324,0.0580253072828054,2.362334489822388,0.0690639012306928,3.0872788429260254,0.0719324581697583,2.4914391040802,0.0785413603857159,2.5054690837860107,0.0857228038460016,2.451794147491455,0.0949872908368706,3.049347400665283,0.1048352628573775,2.449045896530152,0.1082671750336885,2.0397849082946777,0.1075936313718557,3.002110958099365,0.1074893459305167,2.4710352420806885,0.1085072757303714,2.1337058544158936,0.1083682010322809,2.473349094390869,0.1148334012553095,2.55158805847168,0.1157671750336885,3.425389528274536,0.1199066875502467,2.2122833728790283,0.1299602179601788,2.430020570755005,0.1299602179601788,1.8170862197875977,0.1299602179601788,1.658400297164917,0.08236614912748337,2.6445348262786865,0.08149308320134878,2.3320155143737793,0.08180448276301225,1.795236349105835,0.08051201840862632,2.4305126667022705
machine-1-4.out,0.1402777777777777,0.1857368946075439,0.1372594488679765,0.251002550125122,0.1433340962911108,0.2267239093780517,0.1658793078573311,0.2722828388214111,0.1774972177288159,0.2669677734375,0.2000400757498257,0.22981858253479,0.2176099819131121,0.2302310466766357,0.2303031874706053,0.2293033599853515,0.2506403709013373,0.3254280090332031,0.2858351339944102,0.2239408493041992,0.356302247012667,0.2681348323822021,0.415072185517739,0.3099336624145508,0.4249774574537837,0.2835373878479004,0.4335422139253586,0.2292120456695556,0.4346357734969424,0.2068896293640136,0.441678887157584,0.311824083328247,0.4419894729841492,0.1748583316802978,0.4415300979619077,0.2314412593841552,0.4421683750936705,0.3335716724395752,0.2353836474570331,0.0983204841613769,0.2201780946296241,0.1094253063201904,0.2076966042677347,0.1872270107269287,0.2022428199877252,0.2267913818359375,0.2008408514318947,0.1942923069000244,0.1976351945345888,0.2295870780944824,0.1960650752900209,0.1934280395507812,0.1945155162431863,0.1724429130554199,0.1926913058509508,0.2113692760467529,0.189746751722688,0.20695900917053223,0.1896852646587359,0.9220454692840576,0.1881162349882713,1.113924503326416,0.1855804260431771,1.1811137199401855,0.1834999111408215,1.3169589042663574,0.1818545962594111,1.188410758972168,0.1805283755502718,1.2345635890960691,0.1782664083635127,1.403728723526001,0.1759265538554682,1.1922626495361328,0.1738179863169729,1.174034595489502,0.1729371082171694,1.1879727840423584,0.276992830438202,0.0343239307403564,0.0569531875103712,2.2661173343658447,0.0562026835978031,2.2228946685791016,0.0564128353446722,1.7914953231811523,0.0564812280237674,1.8745496273040767,0.0567817249894142,2.060882568359375,0.0567797601222992,2.0895111560821533,0.0567092149704694,1.8616259098052976,0.0565218339115381,2.158595085144043,0.0565503817051649,1.7064449787139893,0.0562056731432676,1.7850100994110107,0.05627283275127411,1.8613450527191162,0.05944712087512016,0.008721351623535156,0.03074955231540588,0.013623476028442383,0.0550081657618284,1.8771746158599851,0.0547030381858348,1.9585213661193848,0.0548452691733837,2.2619636058807373,0.0555733842402696,2.4155561923980717,0.0558461560308933,2.3013463020324707,0.0565733958035707,1.807894229888916,0.0569148177653551,2.6206343173980717,0.057296937033534,2.12127423286438,0.0581504528969526,2.0362355709075928,0.0600857596844434,2.10849666595459,0.0628163933008909,1.7918155193328855,0.0644807427376508,2.074035167694092,0.0649565407633781,2.6160225868225098,0.0654596297442913,1.673738956451416,0.0654762528836727,1.9388103485107424,0.0657456388324499,1.694826364517212,0.0657456388324499,2.6795613765716557,0.0657456388324499,1.7941370010375977,0.0657456388324499,2.759756088256836,0.05837617330253124,1.5883538722991943,0.05701277181506157,1.5121290683746338,0.056609041740496954,2.0973596572875977,0.056397715397179124,1.6205215454101562
machine-3-5.out,0.3568075117370892,0.1764581203460693,0.3017288959575091,0.2099874019622802,0.2933430020810056,0.1933906078338623,0.3352284104770892,0.1781022548675537,0.3684426165450349,0.192352294921875,0.4019337340155653,0.1668484210968017,0.4287618956989378,0.1851396560668945,0.4445979967618402,0.2520337104797363,0.4595530353656344,0.2264466285705566,0.4950986403891976,0.2268834114074707,0.5379884045669737,0.2200639247894287,0.5704424151849896,0.2213706970214843,0.5908413515057421,0.2517940998077392,0.6147012209316168,0.2060120105743408,0.6425761870784118,0.2263188362121582,0.6425761870784118,0.2986977100372314,0.6547350434057905,0.2104599475860595,0.677231191195627,0.2020473480224609,0.677231191195627,0.2108602523803711,0.364229837724666,0.0894749164581298,0.3653947653887464,0.1587319374084472,0.3668185017772383,0.1777272224426269,0.3697669715523017,0.2519268989562988,0.3740649437064182,0.1523346900939941,0.3789163132834871,0.1554911136627197,0.3800850052106946,0.1660802364349365,0.3806446280488731,0.1849238872528076,0.3849717820028303,0.2024657726287841,0.3851183960416122,0.16704893112182617,0.3849200918528325,1.0900099277496338,0.3848176225319945,0.965979814529419,0.3850558720628994,0.997032642364502,0.3859893754424314,0.9929854869842528,0.3866243196480983,1.1219029426574707,0.3871398567105895,1.2886478900909424,0.3891242950826668,1.1141963005065918,0.3886296105349185,1.218186378479004,0.3886445595639508,1.3630449771881104,0.3892208325685095,1.3409395217895508,0.36493078665134,0.0790708065032959,0.0532811693847179,1.758026361465454,0.0530084166675806,2.027398109436035,0.0524668827652931,2.118951797485352,0.0525054045021533,1.5481419563293457,0.0525850503146648,2.1747634410858154,0.0525805947184562,1.932868242263794,0.0529670048505067,1.9522078037261963,0.0530145259946584,2.5861802101135254,0.0528657780587673,2.014554977416992,0.0533446463942527,1.7150511741638184,0.05318243101239204,1.5587000846862793,0.04171419143676758,0.004439115524291992,0.017103703977513506,0.011046648025512695,0.0457544386386871,2.011624336242676,0.043683676123619,2.192646741867065,0.044076400399208,2.084981679916382,0.0495419397205114,2.494210720062256,0.052017890587449,2.7514657974243164,0.0545714150369167,2.806159019470215,0.0571377999335527,2.2837507724761963,0.0585538664460182,2.344544649124145,0.059527248814702,1.328202724456787,0.0617696414887905,2.25592303276062,0.0647427187860012,1.9592807292938232,0.0697527526319027,1.8227291107177732,0.0716921824216842,1.865583896636963,0.0759709161520004,1.326293706893921,0.0925966135412454,1.9901857376098635,0.0925966135412454,1.9276573657989504,0.09366662889719,1.361006498336792,0.0950949405878782,2.191725015640259,0.0950949405878782,2.5622923374176025,0.058424613997340204,1.546602487564087,0.05401571840047836,1.4880938529968262,0.05359184357027213,1.6671814918518066,0.05218214774504304,1.3171985149383545
machine-2-9.out,0.2358974358974359,0.242114782333374,0.2174167200316698,0.3049030303955078,0.2870603623812112,0.3428316116333008,0.3083338902454088,0.3523557186126709,0.3250306907651316,0.4087719917297363,0.3516870763530539,0.2593543529510498,0.3738547571531604,0.363133430480957,0.3992712605332736,0.3439443111419678,0.4234354030326223,0.3034708499908447,0.4484313925913726,0.2897422313690185,0.4815674236686073,0.2545547485351562,0.5169445424973794,0.3421418666839599,0.5640213587037002,0.3840923309326172,0.5953192706864383,0.4542372226715088,0.6270139953355115,0.3573784828186035,0.6384524026677509,0.4288942813873291,0.6512820109471151,0.4363205432891845,0.6512820109471151,0.3082573413848877,0.6512820109471151,0.3858199119567871,0.315239012187532,0.1850426197052002,0.3204812544855786,0.1930873394012451,0.3231804550660787,0.2810544967651367,0.3278866518256116,0.230311632156372,0.3315751066754256,0.261690616607666,0.3319027582536118,0.2981958389282226,0.3327220306075194,0.3752703666687011,0.33510966188074,0.3558807373046875,0.3368704944365654,0.323397159576416,0.33829587584833615,0.4103817939758301,0.3404758427116803,1.5405428409576416,0.3424432703857357,1.5232629776000977,0.3442812846686215,1.514000654220581,0.345834709534691,1.4439678192138672,0.3449710660647766,1.4519708156585691,0.345353096548777,1.4930250644683838,0.3465212025168256,1.7505121231079102,0.3487015191224447,1.702491283416748,0.3496840872395164,1.5833454132080078,0.3497450976638594,1.601604700088501,0.3185877042024649,0.0795247554779052,0.0810258695483207,2.1485581398010254,0.0808232003450393,2.5740466117858887,0.0806042578816413,2.7576560974121094,0.0807116842269897,2.1347432136535645,0.0807388080656528,2.0614798069000244,0.0806309951841831,2.273506164550781,0.0805273577570915,3.058440923690796,0.0805020947754383,2.3737759590148926,0.0805264934897422,2.482595920562744,0.080589849948883,2.163458824157715,0.08060574889183045,2.288923501968384,0.07998160272836685,0.004238128662109375,0.06152265162455942,0.013011455535888672,0.0805468964576721,1.7906458377838137,0.0799140788614749,1.96838903427124,0.0801937036216259,2.576359748840332,0.0803484472632408,2.626356601715088,0.0805128751695156,2.788116455078125,0.0807851731777191,2.8944249153137207,0.0808605746924877,2.4922823905944824,0.0809604674577713,2.710284471511841,0.0811474077403545,2.659235000610352,0.0811732418835163,2.534442663192749,0.0814321890473365,2.881418943405152,0.0818366302549839,1.664825439453125,0.0822006008028984,1.6352810859680176,0.0825822342932224,2.235130786895752,0.0828411683440208,2.1911098957061768,0.0829592417180538,1.7511942386627195,0.0831484659016132,1.817946434020996,0.0831484659016132,2.458601236343384,0.0831484659016132,2.635930061340332,0.08132765665650368,2.5117027759552,0.08081332966685295,1.9217915534973145,0.08070299749573072,1.6112678050994873,0.08064430207014084,2.104365825653076
machine-2-5.out,0.1724489795918367,0.4281611442565918,0.2398063661946256,0.2953588962554931,0.2813153771754377,0.3154947757720947,0.303644870923879,0.2817857265472412,0.3246509765166808,0.1908149719238281,0.3528379083215621,0.2389471530914306,0.371339645369394,0.3553390502929687,0.3863865713480384,0.3160805702209472,0.4048228769484078,0.2638700008392334,0.4218551208284395,0.3151893615722656,0.450547069622979,0.2932736873626709,0.4964611885195378,0.329756498336792,0.5245824165832996,0.2856197357177734,0.5354406315175577,0.2593321800231933,0.5419496008165942,0.2245936393737793,0.5813692053922338,0.2446265220642089,0.5851739955411499,0.2391340732574463,0.5851739955411499,0.2159497737884521,0.5870182428862609,0.2125027179718017,0.3203629496267741,0.1935265064239502,0.3225315840189181,0.1178703308105468,0.3270714441338749,0.1572880744934082,0.3312817653116938,0.1989130973815918,0.3352709432973158,0.2151293754577636,0.3372002999081746,0.1978678703308105,0.3391054984845906,0.2105712890625,0.3393490457923849,0.244943618774414,0.3377651888739648,0.2233579158782959,0.33688297814069984,0.24982237815856934,0.3363448419206272,1.033231258392334,0.335900492254844,1.0256943702697754,0.3335328770122761,1.2220587730407717,0.3305793061619204,1.1489253044128418,0.3288365489245118,1.111006736755371,0.3262638079377212,1.1426761150360107,0.3254654459419928,1.1052992343902588,0.3229320371161076,1.269012212753296,0.3220219882299149,1.310948371887207,0.3198935824564003,1.148026466369629,0.3053445844075168,0.1254959106445312,0.0868868291378021,1.8012306690216064,0.0858804534375667,1.8434627056121824,0.0872251652181148,2.14682412147522,0.0871223789453506,2.120422601699829,0.0877835012972354,2.685093402862549,0.0889616273343563,1.9003772735595703,0.0900031937658786,2.2268929481506348,0.0903354823589324,1.9267945289611816,0.0911020186543464,1.767759084701538,0.0902486309409141,2.215541362762451,0.09013408035039902,1.8270552158355713,0.08873099088668823,0.009203195571899414,0.04083836259550581,0.013698339462280273,0.0846041487157344,2.07171368598938,0.0834705129265785,1.6237058639526367,0.0837638969719409,2.2691538333892822,0.0868500730395317,2.7526402473449707,0.0891946180164814,2.2979023456573486,0.0915981222689151,2.711743116378784,0.0932923178374767,2.699946641921997,0.0952235221862793,2.287799119949341,0.0967982365190982,2.0552725791931152,0.0997249254584312,2.8093926906585693,0.1061370968818664,1.7442848682403564,0.1145356266200542,2.2674379348754883,0.1223197597265243,2.0467753410339355,0.1240237785875797,1.498280048370361,0.1247728160023689,2.183929204940796,0.1371888226270675,1.3723201751708984,0.1380113144218921,1.86124849319458,0.1380113144218921,1.9333882331848145,0.1382128491997719,2.410607099533081,0.09153675362467766,1.455641508102417,0.0906813085079193,1.7435574531555176,0.09033466850717863,2.1721110343933105,0.09025302324444055,1.6520323753356934
machine-1-7.out,0.3411175979983319,0.3823211193084717,0.2612005264370435,0.3409152030944824,0.2264741552557975,0.3208456039428711,0.2078136131392212,0.3235840797424316,0.197946885376777,0.3097226619720459,0.2067951398633011,0.2923130989074707,0.2137325996549276,0.3075335025787353,0.2267676356789798,0.3274672031402588,0.2809612747696388,0.2549688816070556,0.3334049057041297,0.3701624870300293,0.3875701334810733,0.3792572021484375,0.4460798387597818,0.4306836128234863,0.5032792615835064,0.302825927734375,0.5390152386493081,0.3981316089630127,0.551514107512935,0.3790731430053711,0.5614724671583473,0.3379545211791992,0.5644727678483576,0.3844704627990722,0.5830013037933138,0.3846426010131836,0.5830013037933138,0.3743953704833984,0.2094787315969918,0.2050623893737793,0.2095928950519409,0.2079658508300781,0.2079188213131722,0.2004768848419189,0.2046895597266034,0.2908546924591064,0.2041933214493257,0.3983986377716064,0.2035524782133865,0.3592281341552734,0.2023276356496997,0.4813344478607178,0.203243532719253,0.3539714813232422,0.2027354217151686,0.3329765796661377,0.20266384072162485,0.4301130771636963,0.202012347949923,1.258030891418457,0.2019968279994825,1.301558256149292,0.2015140309617657,1.203996658325195,0.2002371880729585,1.3599679470062256,0.1987932117430512,1.4690237045288086,0.1977381922765678,1.6150052547454834,0.197172592914087,1.3769798278808594,0.1973513523240105,1.5841012001037598,0.1967555949655594,1.7177047729492188,0.1964459748103144,1.5821945667266846,0.2178656326177842,0.1438064575195312,0.1329873888194561,2.702772617340088,0.1327420476078987,1.312901496887207,0.1323928424715995,2.2046401500701904,0.1313811862468719,2.307274103164673,0.1285064731538295,2.290248155593872,0.1284317494928837,2.1747617721557617,0.1276452700793743,1.7916724681854248,0.1272989878058433,2.0208053588867188,0.1278437706828117,1.733309984207153,0.1273550081253051,2.150089979171753,0.12743397504091264,2.4375524520874023,0.12980376183986664,0.015426158905029297,0.10009636415064277,0.03163290023803711,0.1601650772988796,2.046635866165161,0.1416346292197704,2.3381216526031494,0.1332522419095039,1.888702154159546,0.1288920745253562,2.128096342086792,0.1269980390369892,1.94410252571106,0.1279515264928341,2.365138053894043,0.1283971829712391,2.388701677322388,0.1294321331381797,1.872408151626587,0.1352137158811092,1.7770450115203855,0.1455862987041473,2.213071346282959,0.1640271624922752,1.9707002639770508,0.1806047829985618,2.657567262649536,0.2016648331284523,1.7863128185272217,0.2142062444984913,2.1077046394348145,0.2194205768406391,2.068408489227295,0.2231534823775291,1.6999802589416504,0.2238516514003276,1.5999298095703125,0.2312091575562954,1.6101059913635254,0.2312091575562954,2.73874831199646,0.1301530085504055,1.6819660663604736,0.12817631475627422,1.5729470252990723,0.12794211953878404,2.131898880004883,0.12751741632819175,1.8096015453338623
machine-3-3.out,0.0996835443037974,0.3128125667572021,0.0779205224554081,0.198352575302124,0.0815545779735196,0.2019915580749511,0.0917529033803952,0.2350389957427978,0.1121181610597366,0.2115712165832519,0.1310826731730914,0.3509716987609863,0.1554727202763754,0.2900326251983642,0.1691762013407042,0.2111337184906005,0.1787148095296153,0.2391152381896972,0.1858640170150912,0.3117690086364746,0.1936037630028868,0.2630903720855713,0.2057874008330383,0.250678539276123,0.2187341454719764,0.2468550205230713,0.2548782758522609,0.2378144264221191,0.310132454262853,0.2760570049285888,0.3622263421720713,0.1789197921752929,0.3786716516568117,0.2484416961669922,0.3811822421484004,0.220261812210083,0.3811822421484004,0.2236382961273193,0.1360408348925867,0.1929311752319336,0.1320699479974465,0.1959867477416992,0.1316568135553342,0.2495887279510498,0.1327982485071603,0.1878533363342285,0.1295492424432051,0.194488525390625,0.1242265269476857,0.198599100112915,0.1226479332390992,0.2845363616943359,0.1216299114138442,0.2415080070495605,0.1219384178380331,0.3681666851043701,0.12332864196776208,0.15586113929748535,0.1235194943080859,0.980999231338501,0.1227551820383038,1.0940046310424805,0.1224268642756071,1.099876880645752,0.1205121118578857,0.988111972808838,0.1212667054491548,1.0800044536590576,0.1208960343104314,1.2440943717956543,0.1195030476878833,1.3406307697296145,0.1214753825739246,1.2312357425689695,0.1227337632712723,1.1507353782653809,0.1237079625386021,1.1806745529174805,0.139945683787959,0.0919201374053955,0.0916898667812347,1.907700061798096,0.0910750585794448,1.4972376823425293,0.0903927199542522,1.5650999546051023,0.0904125426709652,2.427530765533448,0.0912095953524112,2.476633310317993,0.0899225302040576,2.394421100616455,0.0890343903005123,1.7231040000915527,0.0881992416083812,2.135857582092285,0.0878213991224765,1.7032668590545654,0.0876538544893264,2.189122676849365,0.08850979387760162,2.6257755756378174,0.08608977496623993,0.004903554916381836,0.027505102757440104,0.011217117309570312,0.0808884632587432,2.2865915298461914,0.0792114244401454,2.1696722507476807,0.0792794470489025,2.815471887588501,0.0820165576040744,2.4920754432678223,0.0862961961328983,1.9955499172210691,0.0902788937091827,2.153184652328491,0.0950581723451614,2.5913538932800293,0.0978300130367279,2.6143877506256104,0.099713986814022,2.5374631881713867,0.101491130143404,2.4711835384368896,0.103044046908617,2.2245869636535645,0.1056319397687912,2.4543981552124023,0.1084721039235591,2.342543125152588,0.1175473642349243,1.998542070388794,0.1302395357191562,1.5790255069732666,0.1495640237629413,2.312382459640503,0.1529500813782215,1.547804594039917,0.1559771332144737,1.685128688812256,0.1559771332144737,2.1007602214813232,0.1045452132821083,1.6136040687561035,0.09321387074887752,1.4394619464874268,0.09022185231248538,1.456477165222168,0.08891705255955458,1.7966821193695068
machine-2-2.out,0.0285915990116484,0.4387619495391845,0.0643452397561867,0.4320147037506103,0.0864255743344782,0.5065617561340332,0.1057468742202193,0.4165096282958984,0.1211320532536347,0.3856713771820068,0.1313170884054999,0.5082800388336182,0.1403375522632672,0.3825719356536865,0.1494463721156561,0.4218723773956299,0.1590481364218748,0.5536768436431885,0.1682574374563754,0.3229670524597168,0.1769827737654765,0.4636726379394531,0.1862196307499732,0.4208807945251465,0.198009630344097,0.4660854339599609,0.2128774287996857,0.3660535812377929,0.2743239319665134,0.4556441307067871,0.3901532360810007,0.3582448959350586,0.3901532360810007,0.4316146373748779,0.3901532360810007,0.3710384368896484,0.3901532360810007,0.3549630641937256,0.1116162998613346,0.3445043563842773,0.1178065251191299,0.2127242088317871,0.1216314122595097,0.2156810760498047,0.1238514812146327,0.2398390769958496,0.1237127203725538,0.2351160049438476,0.1251332631790347,0.2309165000915527,0.1243837577678709,0.2378456592559814,0.1252397031578731,0.3034915924072265,0.1264619888438654,0.2970924377441406,0.12583023299193374,0.3750770092010498,0.1258177530787337,1.2138540744781494,0.1256311167854163,1.376021385192871,0.1243240647683164,1.4557206630706787,0.1233865601228491,1.2422406673431396,0.1232173309382481,1.1859946250915527,0.1226040442357014,1.289473533630371,0.1226788185693258,1.5085253715515137,0.1208833961711222,1.6343984603881836,0.1192291807525051,1.6085546016693115,0.1175745511645576,1.4121525287628174,0.101810215401648,0.1813008785247802,0.1439255371689796,3.202564239501953,0.1439609241485595,2.6252169609069824,0.143919189274311,1.666676044464111,0.1439138701558113,2.321068048477173,0.1439113366603851,2.854488134384156,0.1439113366603851,2.423060655593872,0.1439391434192657,2.1149110794067383,0.1439428424835205,1.9620401859283447,0.1439363208413124,1.7093517780303955,0.1439307031035423,1.9579715728759768,0.14392350614070892,2.0030529499053955,0.14438599348068237,0.0077130794525146484,0.11807576716280346,0.014534235000610352,0.1438807904720306,2.189006328582764,0.143891863822937,1.784038782119751,0.1439101055264472,1.6959776878356934,0.1438913834095001,2.098125696182251,0.1439166456460952,2.491964340209961,0.1439235061407089,2.8111603260040283,0.1439468955993652,2.4954135417938232,0.1439731287956237,2.376011848449707,0.1439951190352439,2.552885055541992,0.1441159254312515,1.929741621017456,0.1441363471746444,2.113912582397461,0.1441542130708694,2.519325494766236,0.1442044493556022,2.0091898441314697,0.1442619988322258,2.8396220207214355,0.1444316634535789,1.526757001876831,0.1446793267130851,2.2618696689605717,0.1446793267130851,2.279925584793091,0.1446793267130851,1.484567165374756,0.1446793267130851,2.052792549133301,0.14402357935905458,1.5236835479736328,0.1439516343176365,1.8553860187530518,0.14393830945094427,1.5130434036254883,0.1439296692609787,1.7079284191131592
machine-1-8.out,0.1402359108781127,0.1796321868896484,0.126587094332752,0.2151572704315185,0.1512271741789853,0.2370645999908447,0.1900061663651539,0.187035322189331,0.2168661025468082,0.222456693649292,0.2537758693656924,0.1931800842285156,0.2716890753991601,0.2155787944793701,0.2846964019213983,0.2363147735595703,0.2990377511134808,0.2513763904571533,0.3064847899110503,0.2556777000427246,0.3140071035281732,0.221207857131958,0.3249384522968067,0.2695274353027344,0.332897722060363,0.2635641098022461,0.3443769869730891,0.3381788730621338,0.4161260118186992,0.232060432434082,0.4692143724329956,0.2636435031890869,0.4692143724329956,0.2985353469848633,0.4692143724329956,0.2409379482269287,0.4692143724329956,0.2343742847442627,0.2392673458653808,0.1655316352844238,0.2386051409664028,0.2156519889831543,0.2408691576212594,0.2506718635559082,0.2435087321609085,0.2064073085784912,0.2412220583282638,0.3257405757904053,0.2419490731584088,0.3013479709625244,0.2437727697093182,0.3165838718414306,0.2414200417577603,0.2420830726623535,0.2381855312092267,0.3671083450317383,0.2363559327033379,0.19655084609985352,0.2349937890615033,1.154304027557373,0.2342845038236127,1.0578577518463137,0.2333948080925292,1.0359673500061035,0.2329927777920093,1.0620057582855225,0.2318274248982197,1.0000474452972412,0.2306103087944255,0.9709086418151855,0.2298489229361227,1.0400011539459229,0.2306791178200257,1.0651459693908691,0.2302847360361961,1.0953831672668457,0.2306551203836917,1.133779764175415,0.2444728323827661,0.1227607727050781,0.0903497029840946,1.910383939743042,0.089468423500657,2.604408025741577,0.0897332432121038,2.2757110595703125,0.090807364359498,2.5417966842651367,0.091492860019207,2.559200525283813,0.0901962737739086,2.0783627033233643,0.0909047646075487,1.8592712879180908,0.0917509685456752,2.012246608734131,0.0914978048205375,2.7212166786193848,0.0903834553062915,2.5157978534698486,0.09007784694433213,2.100867748260498,0.07692044228315353,0.004746437072753906,0.03245357399596602,0.010976076126098633,0.067917409017682,2.1618964672088623,0.0703508879989385,2.157567262649536,0.075619192123413,2.86518669128418,0.0807478308677673,1.8918800354003904,0.0870012570172548,2.119983434677124,0.0935897397994995,2.609635353088379,0.0972639704495668,1.86337685585022,0.0996063034981489,2.311556816101074,0.1023273579031229,2.879026412963867,0.1035532238334417,2.8767223358154297,0.1047944945096969,1.6476421356201172,0.1078204149007797,2.3665757179260254,0.1092320676892995,1.5880696773529053,0.1111435625702142,1.567775011062622,0.1325740410387516,2.659907102584839,0.1484120974689722,2.208561897277832,0.1484120974689722,1.5611872673034668,0.1484120974689722,1.5119149684906006,0.1484120974689722,2.272674798965454,0.10579649433493614,1.882155179977417,0.0952283289283514,1.4668333530426025,0.09128208210070927,1.7853963375091553,0.0904842996969819,2.14731502532959
machine-1-3.out,0.1615667074663402,0.1910154819488525,0.1834200907014543,0.2655990123748779,0.2074836785977357,0.3264272212982178,0.2169450394476562,0.2674357891082763,0.2240744222771752,0.2574946880340576,0.2318100880197007,0.2941081523895263,0.2428607447933176,0.3672902584075928,0.254674616425699,0.2828860282897949,0.2727325588699226,0.2407348155975341,0.3252291565757161,0.2611067295074463,0.372342390090281,0.2821607589721679,0.4209584549646665,0.2553458213806152,0.4546977847819906,0.262275218963623,0.4548556194646647,0.2289128303527832,0.4548556194646647,0.3348770141601562,0.4548556194646647,0.3263554573059082,0.4536698482047994,0.2658381462097168,0.4537348170983435,0.2072415351867675,0.4548153584767469,0.2370009422302246,0.2525876092726085,0.2088832855224609,0.247846178509648,0.1975247859954834,0.244721799582018,0.1629583835601806,0.241581167359516,0.1379842758178711,0.2386867982479519,0.1760094165802002,0.2359525299113316,0.2151961326599121,0.2330168228563242,0.1903834342956543,0.2311734308777773,0.2969040870666504,0.2284952713103195,0.2628047466278076,0.226655166216712,0.2343156337738037,0.2266254061294476,1.1321086883544922,0.2250176467404643,1.549945592880249,0.2238237907468601,1.0319938659667969,0.2223716637713532,1.1719789505004885,0.222342359850881,1.2650408744812012,0.2225727951318564,1.3042337894439695,0.2219257471648786,1.3046350479125977,0.2215727993836883,1.2280714511871338,0.2205413601026784,1.2019588947296145,0.2200114466222394,1.259967803955078,0.2697168856493868,0.1029248237609863,0.0632487072795629,1.650780200958252,0.0631830088049173,2.016005277633667,0.0631155326962471,2.380101203918457,0.0633221469819545,2.490652322769165,0.0634730345755815,2.55905818939209,0.0630273189395666,2.29944372177124,0.0630580061674118,2.014301061630249,0.0628986618667841,1.747765064239502,0.0627290118485689,1.8877184391021729,0.0625493375957012,2.0861639976501465,0.06271857060492039,1.6243054866790771,0.06630889326334,0.0068628787994384766,0.035279586269701096,0.014211416244506836,0.0598808249831199,1.8663384914398196,0.0608897874504327,1.5603010654449463,0.0615706471353769,1.8801751136779783,0.062146108597517,2.035770893096924,0.0626372350752353,2.6738505363464355,0.063096811696887,2.393726587295532,0.0636998926103115,2.5336709022521973,0.0643460353463888,2.558009386062622,0.0651996118575334,2.4969635009765625,0.0691163077205419,2.274714231491089,0.072155580446124,2.3545937538146973,0.0732721976935863,2.712964534759521,0.0762075866758823,3.1360771656036377,0.0762075866758823,2.472261905670166,0.0762075866758823,2.15199875831604,0.0762075866758823,1.6773834228515625,0.0760684585571289,1.446638822555542,0.0760684585571289,1.9888927936553955,0.0762075866758823,1.9159066677093504,0.0656669370830059,1.4580943584442139,0.06375788860023021,1.8191816806793213,0.06313102543354035,2.0988926887512207,0.0627154034562409,1.9520206451416016
machine-3-1.out,0.1688311688311688,0.2445380687713623,0.227308866327294,0.2972974777221679,0.2908297133419466,0.2203593254089355,0.3191127961552685,0.2151746749877929,0.3524494394809635,0.2031657695770263,0.3554261292098108,0.2435338497161865,0.3663597104835037,0.2953684329986572,0.3845211619095389,0.3062644004821777,0.4192220058791745,0.2298531532287597,0.4542662608429431,0.2874860763549804,0.4828272690159388,0.2542576789855957,0.4879669539795941,0.229060411453247,0.4937831547463424,0.2266104221343994,0.4987352257085,0.2582802772521972,0.5298631378747692,0.2371621131896972,0.5868339229487953,0.2695450782775879,0.5868339229487953,0.2235143184661865,0.5868339229487953,0.2511134147644043,0.5868339229487953,0.293485164642334,0.3249177016831013,0.12199068069458,0.3303728548927961,0.1254901885986328,0.3326221030245659,0.1290483474731445,0.3340042620992027,0.1729986667633056,0.3379186019593692,0.2009394168853759,0.3414577132717417,0.2085952758789062,0.3445707230874009,0.2039153575897216,0.3464353427744817,0.3413333892822265,0.3498824987524168,0.2762136459350586,0.3529723643506405,0.25895190238952637,0.3561278329671892,1.0871038436889648,0.3579095286335757,1.1578648090362549,0.3600238759475248,1.1709835529327393,0.3609424040989281,1.3680553436279297,0.3632119658802917,1.5349347591400146,0.364407652888248,1.5969913005828855,0.3656224332923892,1.309007167816162,0.3669741075125687,1.4579975605010986,0.3675354524524561,1.5272622108459473,0.3681050835032748,1.492722988128662,0.3358119160712189,0.0200703144073486,0.0231489139422774,2.952108383178711,0.0240680248662829,2.3663928508758545,0.0240680248662829,3.0978078842163086,0.0240680248662829,3.227261543273926,0.024357233941555,2.0487749576568604,0.0243375633656978,1.970684051513672,0.024649481549859,2.2981269359588623,0.0243245244771242,2.374586582183838,0.0243245244771242,2.1941611766815186,0.024005651473999,2.788541555404663,0.024324524477124215,2.342418909072876,0.01777748204767704,0.008765459060668945,0.011374613102013927,0.016438007354736328,0.0195782137662172,2.035635232925415,0.0191999835148453,2.658276081085205,0.0203035323321819,2.0272958278656006,0.0209719210118055,2.6223247051239014,0.024649481549859,2.656771421432495,0.0256599114835262,2.4933249950408936,0.0249934653565287,2.1752607822418213,0.0278329160064458,2.988784074783325,0.0289911736547946,3.294692039489746,0.0301946688443422,2.165618896484375,0.0306349778920412,2.688532829284668,0.0306349778920412,2.9364638328552246,0.0306349778920412,1.5198218822479248,0.0306349778920412,1.8138978481292725,0.0306349778920412,3.024221181869507,0.0369986714050173,2.002042531967163,0.0369986714050173,2.333991050720215,0.0369986714050173,2.8611550331115723,0.0369986714050173,1.817033052444458,0.029174373485147953,1.663327693939209,0.026135726552456617,1.7657699584960938,0.02512807653596004,2.027617931365967,0.02463123300112784,2.436124563217163
machine-3-2.out,0.0171325518485121,0.358750581741333,0.0155607763937101,0.3923027515411377,0.01317436525682,0.3089756965637207,0.01317436525682,0.2524209022521972,0.01317436525682,0.2743411064147949,0.0133743101643197,0.2830624580383301,0.0144153620447096,0.2699201107025146,0.0161984865570764,0.2883503437042236,0.0184744861787575,0.3269524574279785,0.0236369025262294,0.3328011035919189,0.0331659425638455,0.2714052200317383,0.0431344237611768,0.2956624031066894,0.0801673938477291,0.3181865215301513,0.191211813387558,0.3295855522155761,0.2712568788627745,0.2536590099334717,0.2724212402823656,0.2612662315368652,0.3307594820433924,0.3909101486206054,0.3307594820433924,0.2344756126403808,0.3307594820433924,0.2668929100036621,0.0161628025895493,0.1654891967773437,0.0147701040313861,0.1603827476501464,0.0139209440784316,0.2107748985290527,0.0137050577207538,0.2312593460083007,0.0135832167095163,0.3031163215637207,0.0142779821161593,0.2060344219207763,0.0152747364666996,0.1822235584259033,0.0146596240114574,0.2450127601623535,0.0135292674110115,0.2694752216339111,0.013276119216557575,0.3226003646850586,0.0130821878650352,1.118112087249756,0.0134060359534839,1.1679165363311768,0.0139538656783784,0.9889686107635498,0.0147333660999367,1.3121211528778076,0.0149931995737895,1.1208491325378418,0.0152530330476423,1.158891201019287,0.0152530330476423,1.0211396217346191,0.0152530330476423,1.2290451526641846,0.0152530330476423,1.380948781967163,0.0152530330476423,1.445615291595459,0.0200674527161183,0.1238987445831298,0.0534461951255798,1.9716205596923828,0.0531624783575534,2.2819902896881104,0.0531389613449573,2.160135269165039,0.0530073727667331,1.9532561302185056,0.0529170578718185,2.314167022705078,0.0529215278476476,2.4890644550323486,0.0529801708459854,1.884068489074707,0.0532113951444625,2.2122769355773926,0.0532157927006483,1.8311166763305664,0.0532781480252742,1.804392576217652,0.05314630910754204,1.6807911396026611,0.07203590869903564,0.007378339767456055,0.05050335002156006,0.037886857986450195,0.0539547576755285,1.9857487678527832,0.0533870005607605,1.5491256713867188,0.0531425993144512,2.2900633811950684,0.0531425993144512,2.2075893878936768,0.0531425993144512,2.395918607711792,0.0531235583126544,2.5426037311553955,0.05303789883852,2.587026357650757,0.0529426353424787,2.144343376159668,0.0529674991965293,2.3293302059173584,0.0529237156361341,2.5939724445343018,0.0535580731928348,2.0970466136932373,0.0543752389401197,2.229982852935791,0.0622535873204469,1.781890630722046,0.100972501412034,1.6936862468719482,0.132797652259469,1.935374736785889,0.1341520346701145,2.0958621501922607,0.1542577928304672,1.861069917678833,0.1542577928304672,1.7420589923858645,0.1542577928304672,1.7147746086120603,0.05443820171058178,1.5580685138702393,0.05353610534220934,1.4511418342590332,0.0533044761667649,1.6289763450622559,0.053213277272880076,1.7064547538757324
machine-1-6.out,0.6612729234088457,0.4798555374145508,0.5742593146219678,0.3078310489654541,0.6494253149179932,0.3469877243041992,0.6605138279522628,0.3403956890106201,0.6538911944170448,0.3457577228546142,0.6571513091310062,0.3462574481964111,0.654610130320991,0.4183611869812011,0.6438805036610745,0.5238814353942871,0.6298225445609528,0.4749934673309326,0.6177260195747714,0.484600305557251,0.6126762207970644,0.5653066635131836,0.6536946577986557,0.4798104763031006,0.7032875128462307,0.4730608463287353,0.7591367467216525,0.4648816585540771,0.8150974057637351,0.4863102436065674,0.821285665369915,0.3328325748443603,0.8262713605667416,0.2833917140960693,0.826489989552838,0.360095739364624,0.8312064988612637,0.3866477012634277,0.6259675537418666,0.2940201759338379,0.6375012518883658,0.2829408645629883,0.6428385029988398,0.2819442749023437,0.6471352321486854,0.3349699974060058,0.6501559140844527,0.3968405723571777,0.6524309970181463,0.393226146697998,0.654686586387653,0.5051865577697754,0.6552411132437778,0.450911283493042,0.6563807018214316,0.5056014060974121,0.6566096909551612,0.34815502166748047,0.6568928918621916,1.4249475002288818,0.6575814301701536,1.3819351196289062,0.65796535199137,1.2297923564910889,0.6576780233969775,1.2925527095794678,0.6580288838745701,1.5787034034729004,0.6579942395990522,1.3700659275054932,0.6576806365239544,1.250154733657837,0.6576801071048877,1.3407063484191897,0.6579416219895562,1.3007309436798096,0.6580308096978229,1.2814888954162598,0.6034539690474034,0.3025650978088379,0.3874127507209778,2.142119169235229,0.3900554504990577,2.136934995651245,0.3890616223216057,2.901994705200196,0.3890096896886825,2.8898868560791016,0.3872238087654114,2.738319396972656,0.3888459375500679,2.5386791229248047,0.3894922244548797,3.638105154037476,0.3902648621797561,2.061064004898072,0.3901391571760177,2.8193399906158447,0.3911562711000442,3.0058836936950684,0.39123922228813174,1.3402762413024902,0.22628968954086304,0.014895915985107422,0.15585964046516626,0.03160738945007324,0.3644834798574448,2.2638723850250244,0.3515859448909759,2.8986685276031494,0.3826111730933189,2.0983407497406006,0.3886201214790344,2.7579658031463623,0.386992529630661,2.287317514419556,0.3943491432070732,2.0106563568115234,0.3954022878408432,2.227356433868408,0.3955800139904022,2.580416679382324,0.3924073430895805,2.663771867752075,0.3899350449442863,2.6195900440216064,0.3896287390589714,2.390355348587036,0.4056473776698112,3.337733030319214,0.4262762159109116,2.8692431449890137,0.4477995470166206,1.73260760307312,0.468340036869049,3.0608062744140625,0.4731834015250206,2.9364352226257324,0.4764122053980827,1.841269969940185,0.4765713214874267,2.602955102920532,0.4792779722809792,2.884007215499878,0.39065086990594866,1.419316291809082,0.39045270830392836,1.435105800628662,0.39051836331685386,1.5759978294372559,0.39134960919618605,1.3837316036224365
