test_batch_id,FFVUS_PR,PR_AUC,INDEPENDENT_INTERPRETABILITY_NDCG_HIT_1_SCORE,INDEPENDENT_INTERPRETABILITY_NDCG_HIT_2_SCORE,INDEPENDENT_INTERPRETABILITY_NDCG_HIT_3_SCORE,INDEPENDENT_INTERPRETABILITY_NDCG_HIT_4_SCORE,INDEPENDENT_INTERPRETABILITY_NDCG_HIT_5_SCORE,INDEPENDENT_INTERPRETABILITY_NDCG_HIT_6_SCORE,INDEPENDENT_INTERPRETABILITY_NDCG_HIT_7_SCORE,INDEPENDENT_INTERPRETABILITY_NDCG_HIT_8_SCORE,INDEPENDENT_INTERPRETABILITY_NDCG_HIT_9_SCORE,INDEPENDENT_INTERPRETABILITY_NDCG_HIT_10_SCORE,INTERPRETABILITY_CONDITIONAL_VOLUMN_PR_WITH_NDCG_HIT_10_SCORE_COMBINATION,FFVUS_PR_computation_time,PR_AUC_computation_time,INDEPENDENT_INTERPRETABILITY_NDCG_HIT_K_10_W_10_SCORE_WITH_SMOOTHING,INDEPENDENT_INTERPRETABILITY_NDCG_HIT_K_10_W_10_SCORE_WITH_SMOOTHING_computation_time,INTERPRETABILITY_CONDITIONAL_VOLUMN_PR_WITH_NDCG_HIT_K_10_W_10_M_10_SCORE_COMBINATION_WITH_SMOOTHING,INTERPRETABILITY_CONDITIONAL_VOLUMN_PR_WITH_NDCG_HIT_K_10_W_10_M_10_SCORE_COMBINATION_WITH_SMOOTHING_computation_time,INTERPRETABILITY_CONDITIONAL_VOLUMN_PR_WITH_NDCG_HIT_K_10_W_10_M_20_SCORE_COMBINATION_WITH_SMOOTHING,INTERPRETABILITY_CONDITIONAL_VOLUMN_PR_WITH_NDCG_HIT_K_10_W_10_M_20_SCORE_COMBINATION_WITH_SMOOTHING_computation_time,INTERPRETABILITY_CONDITIONAL_VOLUMN_PR_WITH_NDCG_HIT_K_10_W_10_M_30_SCORE_COMBINATION_WITH_SMOOTHING,INTERPRETABILITY_CONDITIONAL_VOLUMN_PR_WITH_NDCG_HIT_K_10_W_10_M_30_SCORE_COMBINATION_WITH_SMOOTHING_computation_time,INTERPRETABILITY_CONDITIONAL_VOLUMN_PR_WITH_NDCG_HIT_K_10_W_10_M_40_SCORE_COMBINATION_WITH_SMOOTHING,INTERPRETABILITY_CONDITIONAL_VOLUMN_PR_WITH_NDCG_HIT_K_10_W_10_M_40_SCORE_COMBINATION_WITH_SMOOTHING_computation_time,INTERPRETABILITY_CONDITIONAL_VOLUMN_PR_WITH_NDCG_HIT_K_10_W_10_M_50_SCORE_COMBINATION_WITH_SMOOTHING,INTERPRETABILITY_CONDITIONAL_VOLUMN_PR_WITH_NDCG_HIT_K_10_W_10_M_50_SCORE_COMBINATION_WITH_SMOOTHING_computation_time,INDEPENDENT_INTERPRETABILITY_NDCG_HIT_K_10_W_0_SCORE_WITH_SMOOTHING,INDEPENDENT_INTERPRETABILITY_NDCG_HIT_K_10_W_0_SCORE_WITH_SMOOTHING_computation_time,INDEPENDENT_INTERPRETABILITY_NDCG_HIT_K_10_W_1_SCORE_WITH_SMOOTHING,INDEPENDENT_INTERPRETABILITY_NDCG_HIT_K_10_W_1_SCORE_WITH_SMOOTHING_computation_time,INDEPENDENT_INTERPRETABILITY_NDCG_HIT_K_10_W_2_SCORE_WITH_SMOOTHING,INDEPENDENT_INTERPRETABILITY_NDCG_HIT_K_10_W_2_SCORE_WITH_SMOOTHING_computation_time,INDEPENDENT_INTERPRETABILITY_NDCG_HIT_K_10_W_3_SCORE_WITH_SMOOTHING,INDEPENDENT_INTERPRETABILITY_NDCG_HIT_K_10_W_3_SCORE_WITH_SMOOTHING_computation_time,INDEPENDENT_INTERPRETABILITY_NDCG_HIT_K_10_W_4_SCORE_WITH_SMOOTHING,INDEPENDENT_INTERPRETABILITY_NDCG_HIT_K_10_W_4_SCORE_WITH_SMOOTHING_computation_time,INDEPENDENT_INTERPRETABILITY_NDCG_HIT_K_10_W_5_SCORE_WITH_SMOOTHING,INDEPENDENT_INTERPRETABILITY_NDCG_HIT_K_10_W_5_SCORE_WITH_SMOOTHING_computation_time,INDEPENDENT_INTERPRETABILITY_NDCG_HIT_K_10_W_6_SCORE_WITH_SMOOTHING,INDEPENDENT_INTERPRETABILITY_NDCG_HIT_K_10_W_6_SCORE_WITH_SMOOTHING_computation_time,INDEPENDENT_INTERPRETABILITY_NDCG_HIT_K_10_W_7_SCORE_WITH_SMOOTHING,INDEPENDENT_INTERPRETABILITY_NDCG_HIT_K_10_W_7_SCORE_WITH_SMOOTHING_computation_time,INDEPENDENT_INTERPRETABILITY_NDCG_HIT_K_10_W_8_SCORE_WITH_SMOOTHING,INDEPENDENT_INTERPRETABILITY_NDCG_HIT_K_10_W_8_SCORE_WITH_SMOOTHING_computation_time,INDEPENDENT_INTERPRETABILITY_NDCG_HIT_K_10_W_9_SCORE_WITH_SMOOTHING,INDEPENDENT_INTERPRETABILITY_NDCG_HIT_K_10_W_9_SCORE_WITH_SMOOTHING_computation_time,INTERPRETABILITY_CONDITIONAL_VOLUMN_PR_WITH_NDCG_HIT_K_10_W_0_M_50_SCORE_COMBINATION_WITH_SMOOTHING,INTERPRETABILITY_CONDITIONAL_VOLUMN_PR_WITH_NDCG_HIT_K_10_W_0_M_50_SCORE_COMBINATION_WITH_SMOOTHING_computation_time,INTERPRETABILITY_CONDITIONAL_VOLUMN_PR_WITH_NDCG_HIT_K_10_W_1_M_50_SCORE_COMBINATION_WITH_SMOOTHING,INTERPRETABILITY_CONDITIONAL_VOLUMN_PR_WITH_NDCG_HIT_K_10_W_1_M_50_SCORE_COMBINATION_WITH_SMOOTHING_computation_time,INTERPRETABILITY_CONDITIONAL_VOLUMN_PR_WITH_NDCG_HIT_K_10_W_2_M_50_SCORE_COMBINATION_WITH_SMOOTHING,INTERPRETABILITY_CONDITIONAL_VOLUMN_PR_WITH_NDCG_HIT_K_10_W_2_M_50_SCORE_COMBINATION_WITH_SMOOTHING_computation_time,INTERPRETABILITY_CONDITIONAL_VOLUMN_PR_WITH_NDCG_HIT_K_10_W_3_M_50_SCORE_COMBINATION_WITH_SMOOTHING,INTERPRETABILITY_CONDITIONAL_VOLUMN_PR_WITH_NDCG_HIT_K_10_W_3_M_50_SCORE_COMBINATION_WITH_SMOOTHING_computation_time,INTERPRETABILITY_CONDITIONAL_VOLUMN_PR_WITH_NDCG_HIT_K_10_W_4_M_50_SCORE_COMBINATION_WITH_SMOOTHING,INTERPRETABILITY_CONDITIONAL_VOLUMN_PR_WITH_NDCG_HIT_K_10_W_4_M_50_SCORE_COMBINATION_WITH_SMOOTHING_computation_time,INTERPRETABILITY_CONDITIONAL_VOLUMN_PR_WITH_NDCG_HIT_K_10_W_5_M_50_SCORE_COMBINATION_WITH_SMOOTHING,INTERPRETABILITY_CONDITIONAL_VOLUMN_PR_WITH_NDCG_HIT_K_10_W_5_M_50_SCORE_COMBINATION_WITH_SMOOTHING_computation_time,INTERPRETABILITY_CONDITIONAL_VOLUMN_PR_WITH_NDCG_HIT_K_10_W_6_M_50_SCORE_COMBINATION_WITH_SMOOTHING,INTERPRETABILITY_CONDITIONAL_VOLUMN_PR_WITH_NDCG_HIT_K_10_W_6_M_50_SCORE_COMBINATION_WITH_SMOOTHING_computation_time,INTERPRETABILITY_CONDITIONAL_VOLUMN_PR_WITH_NDCG_HIT_K_10_W_7_M_50_SCORE_COMBINATION_WITH_SMOOTHING,INTERPRETABILITY_CONDITIONAL_VOLUMN_PR_WITH_NDCG_HIT_K_10_W_7_M_50_SCORE_COMBINATION_WITH_SMOOTHING_computation_time,INTERPRETABILITY_CONDITIONAL_VOLUMN_PR_WITH_NDCG_HIT_K_10_W_8_M_50_SCORE_COMBINATION_WITH_SMOOTHING,INTERPRETABILITY_CONDITIONAL_VOLUMN_PR_WITH_NDCG_HIT_K_10_W_8_M_50_SCORE_COMBINATION_WITH_SMOOTHING_computation_time,INTERPRETABILITY_CONDITIONAL_VOLUMN_PR_WITH_NDCG_HIT_K_10_W_9_M_50_SCORE_COMBINATION_WITH_SMOOTHING,INTERPRETABILITY_CONDITIONAL_VOLUMN_PR_WITH_NDCG_HIT_K_10_W_9_M_50_SCORE_COMBINATION_WITH_SMOOTHING_computation_time,INDEPENDENT_INTERPRETABILITY_NDCG_HIT_K_1_W_10_SCORE_WITH_SMOOTHING,INDEPENDENT_INTERPRETABILITY_NDCG_HIT_K_1_W_10_SCORE_WITH_SMOOTHING_computation_time,INDEPENDENT_INTERPRETABILITY_NDCG_HIT_K_3_W_10_SCORE_WITH_SMOOTHING,INDEPENDENT_INTERPRETABILITY_NDCG_HIT_K_3_W_10_SCORE_WITH_SMOOTHING_computation_time,INDEPENDENT_INTERPRETABILITY_NDCG_HIT_K_5_W_10_SCORE_WITH_SMOOTHING,INDEPENDENT_INTERPRETABILITY_NDCG_HIT_K_5_W_10_SCORE_WITH_SMOOTHING_computation_time,INDEPENDENT_INTERPRETABILITY_NDCG_HIT_K_7_W_10_SCORE_WITH_SMOOTHING,INDEPENDENT_INTERPRETABILITY_NDCG_HIT_K_7_W_10_SCORE_WITH_SMOOTHING_computation_time,INDEPENDENT_INTERPRETABILITY_NDCG_HIT_K_9_W_10_SCORE_WITH_SMOOTHING,INDEPENDENT_INTERPRETABILITY_NDCG_HIT_K_9_W_10_SCORE_WITH_SMOOTHING_computation_time,INDEPENDENT_INTERPRETABILITY_NDCG_HIT_K_11_W_10_SCORE_WITH_SMOOTHING,INDEPENDENT_INTERPRETABILITY_NDCG_HIT_K_11_W_10_SCORE_WITH_SMOOTHING_computation_time,INDEPENDENT_INTERPRETABILITY_NDCG_HIT_K_13_W_10_SCORE_WITH_SMOOTHING,INDEPENDENT_INTERPRETABILITY_NDCG_HIT_K_13_W_10_SCORE_WITH_SMOOTHING_computation_time,INDEPENDENT_INTERPRETABILITY_NDCG_HIT_K_15_W_10_SCORE_WITH_SMOOTHING,INDEPENDENT_INTERPRETABILITY_NDCG_HIT_K_15_W_10_SCORE_WITH_SMOOTHING_computation_time,INDEPENDENT_INTERPRETABILITY_NDCG_HIT_K_17_W_10_SCORE_WITH_SMOOTHING,INDEPENDENT_INTERPRETABILITY_NDCG_HIT_K_17_W_10_SCORE_WITH_SMOOTHING_computation_time,INDEPENDENT_INTERPRETABILITY_NDCG_HIT_K_19_W_10_SCORE_WITH_SMOOTHING,INDEPENDENT_INTERPRETABILITY_NDCG_HIT_K_19_W_10_SCORE_WITH_SMOOTHING_computation_time,INDEPENDENT_INTERPRETABILITY_NDCG_HIT_K_21_W_10_SCORE_WITH_SMOOTHING,INDEPENDENT_INTERPRETABILITY_NDCG_HIT_K_21_W_10_SCORE_WITH_SMOOTHING_computation_time,INDEPENDENT_INTERPRETABILITY_NDCG_HIT_K_23_W_10_SCORE_WITH_SMOOTHING,INDEPENDENT_INTERPRETABILITY_NDCG_HIT_K_23_W_10_SCORE_WITH_SMOOTHING_computation_time,INDEPENDENT_INTERPRETABILITY_NDCG_HIT_K_25_W_10_SCORE_WITH_SMOOTHING,INDEPENDENT_INTERPRETABILITY_NDCG_HIT_K_25_W_10_SCORE_WITH_SMOOTHING_computation_time,INDEPENDENT_INTERPRETABILITY_NDCG_HIT_K_27_W_10_SCORE_WITH_SMOOTHING,INDEPENDENT_INTERPRETABILITY_NDCG_HIT_K_27_W_10_SCORE_WITH_SMOOTHING_computation_time,INDEPENDENT_INTERPRETABILITY_NDCG_HIT_K_29_W_10_SCORE_WITH_SMOOTHING,INDEPENDENT_INTERPRETABILITY_NDCG_HIT_K_29_W_10_SCORE_WITH_SMOOTHING_computation_time,INDEPENDENT_INTERPRETABILITY_NDCG_HIT_K_31_W_10_SCORE_WITH_SMOOTHING,INDEPENDENT_INTERPRETABILITY_NDCG_HIT_K_31_W_10_SCORE_WITH_SMOOTHING_computation_time,INDEPENDENT_INTERPRETABILITY_NDCG_HIT_K_33_W_10_SCORE_WITH_SMOOTHING,INDEPENDENT_INTERPRETABILITY_NDCG_HIT_K_33_W_10_SCORE_WITH_SMOOTHING_computation_time,INDEPENDENT_INTERPRETABILITY_NDCG_HIT_K_35_W_10_SCORE_WITH_SMOOTHING,INDEPENDENT_INTERPRETABILITY_NDCG_HIT_K_35_W_10_SCORE_WITH_SMOOTHING_computation_time,INDEPENDENT_INTERPRETABILITY_NDCG_HIT_K_37_W_10_SCORE_WITH_SMOOTHING,INDEPENDENT_INTERPRETABILITY_NDCG_HIT_K_37_W_10_SCORE_WITH_SMOOTHING_computation_time,INTERPRETABILITY_CONDITIONAL_VOLUMN_PR_WITH_NDCG_HIT_K_1_W_10_M_50_SCORE_COMBINATION_WITH_SMOOTHING,INTERPRETABILITY_CONDITIONAL_VOLUMN_PR_WITH_NDCG_HIT_K_1_W_10_M_50_SCORE_COMBINATION_WITH_SMOOTHING_computation_time,INTERPRETABILITY_CONDITIONAL_VOLUMN_PR_WITH_NDCG_HIT_K_3_W_10_M_50_SCORE_COMBINATION_WITH_SMOOTHING,INTERPRETABILITY_CONDITIONAL_VOLUMN_PR_WITH_NDCG_HIT_K_3_W_10_M_50_SCORE_COMBINATION_WITH_SMOOTHING_computation_time,INTERPRETABILITY_CONDITIONAL_VOLUMN_PR_WITH_NDCG_HIT_K_5_W_10_M_50_SCORE_COMBINATION_WITH_SMOOTHING,INTERPRETABILITY_CONDITIONAL_VOLUMN_PR_WITH_NDCG_HIT_K_5_W_10_M_50_SCORE_COMBINATION_WITH_SMOOTHING_computation_time,INTERPRETABILITY_CONDITIONAL_VOLUMN_PR_WITH_NDCG_HIT_K_7_W_10_M_50_SCORE_COMBINATION_WITH_SMOOTHING,INTERPRETABILITY_CONDITIONAL_VOLUMN_PR_WITH_NDCG_HIT_K_7_W_10_M_50_SCORE_COMBINATION_WITH_SMOOTHING_computation_time,INTERPRETABILITY_CONDITIONAL_VOLUMN_PR_WITH_NDCG_HIT_K_9_W_10_M_50_SCORE_COMBINATION_WITH_SMOOTHING,INTERPRETABILITY_CONDITIONAL_VOLUMN_PR_WITH_NDCG_HIT_K_9_W_10_M_50_SCORE_COMBINATION_WITH_SMOOTHING_computation_time,INTERPRETABILITY_CONDITIONAL_VOLUMN_PR_WITH_NDCG_HIT_K_11_W_10_M_50_SCORE_COMBINATION_WITH_SMOOTHING,INTERPRETABILITY_CONDITIONAL_VOLUMN_PR_WITH_NDCG_HIT_K_11_W_10_M_50_SCORE_COMBINATION_WITH_SMOOTHING_computation_time,INTERPRETABILITY_CONDITIONAL_VOLUMN_PR_WITH_NDCG_HIT_K_13_W_10_M_50_SCORE_COMBINATION_WITH_SMOOTHING,INTERPRETABILITY_CONDITIONAL_VOLUMN_PR_WITH_NDCG_HIT_K_13_W_10_M_50_SCORE_COMBINATION_WITH_SMOOTHING_computation_time,INTERPRETABILITY_CONDITIONAL_VOLUMN_PR_WITH_NDCG_HIT_K_15_W_10_M_50_SCORE_COMBINATION_WITH_SMOOTHING,INTERPRETABILITY_CONDITIONAL_VOLUMN_PR_WITH_NDCG_HIT_K_15_W_10_M_50_SCORE_COMBINATION_WITH_SMOOTHING_computation_time,INTERPRETABILITY_CONDITIONAL_VOLUMN_PR_WITH_NDCG_HIT_K_17_W_10_M_50_SCORE_COMBINATION_WITH_SMOOTHING,INTERPRETABILITY_CONDITIONAL_VOLUMN_PR_WITH_NDCG_HIT_K_17_W_10_M_50_SCORE_COMBINATION_WITH_SMOOTHING_computation_time,INTERPRETABILITY_CONDITIONAL_VOLUMN_PR_WITH_NDCG_HIT_K_19_W_10_M_50_SCORE_COMBINATION_WITH_SMOOTHING,INTERPRETABILITY_CONDITIONAL_VOLUMN_PR_WITH_NDCG_HIT_K_19_W_10_M_50_SCORE_COMBINATION_WITH_SMOOTHING_computation_time,INTERPRETABILITY_CONDITIONAL_VOLUMN_PR_WITH_NDCG_HIT_K_21_W_10_M_50_SCORE_COMBINATION_WITH_SMOOTHING,INTERPRETABILITY_CONDITIONAL_VOLUMN_PR_WITH_NDCG_HIT_K_21_W_10_M_50_SCORE_COMBINATION_WITH_SMOOTHING_computation_time,INTERPRETABILITY_CONDITIONAL_VOLUMN_PR_WITH_NDCG_HIT_K_23_W_10_M_50_SCORE_COMBINATION_WITH_SMOOTHING,INTERPRETABILITY_CONDITIONAL_VOLUMN_PR_WITH_NDCG_HIT_K_23_W_10_M_50_SCORE_COMBINATION_WITH_SMOOTHING_computation_time,INTERPRETABILITY_CONDITIONAL_VOLUMN_PR_WITH_NDCG_HIT_K_25_W_10_M_50_SCORE_COMBINATION_WITH_SMOOTHING,INTERPRETABILITY_CONDITIONAL_VOLUMN_PR_WITH_NDCG_HIT_K_25_W_10_M_50_SCORE_COMBINATION_WITH_SMOOTHING_computation_time,INTERPRETABILITY_CONDITIONAL_VOLUMN_PR_WITH_NDCG_HIT_K_27_W_10_M_50_SCORE_COMBINATION_WITH_SMOOTHING,INTERPRETABILITY_CONDITIONAL_VOLUMN_PR_WITH_NDCG_HIT_K_27_W_10_M_50_SCORE_COMBINATION_WITH_SMOOTHING_computation_time,INTERPRETABILITY_CONDITIONAL_VOLUMN_PR_WITH_NDCG_HIT_K_29_W_10_M_50_SCORE_COMBINATION_WITH_SMOOTHING,INTERPRETABILITY_CONDITIONAL_VOLUMN_PR_WITH_NDCG_HIT_K_29_W_10_M_50_SCORE_COMBINATION_WITH_SMOOTHING_computation_time,INTERPRETABILITY_CONDITIONAL_VOLUMN_PR_WITH_NDCG_HIT_K_31_W_10_M_50_SCORE_COMBINATION_WITH_SMOOTHING,INTERPRETABILITY_CONDITIONAL_VOLUMN_PR_WITH_NDCG_HIT_K_31_W_10_M_50_SCORE_COMBINATION_WITH_SMOOTHING_computation_time,INTERPRETABILITY_CONDITIONAL_VOLUMN_PR_WITH_NDCG_HIT_K_33_W_10_M_50_SCORE_COMBINATION_WITH_SMOOTHING,INTERPRETABILITY_CONDITIONAL_VOLUMN_PR_WITH_NDCG_HIT_K_33_W_10_M_50_SCORE_COMBINATION_WITH_SMOOTHING_computation_time,INTERPRETABILITY_CONDITIONAL_VOLUMN_PR_WITH_NDCG_HIT_K_35_W_10_M_50_SCORE_COMBINATION_WITH_SMOOTHING,INTERPRETABILITY_CONDITIONAL_VOLUMN_PR_WITH_NDCG_HIT_K_35_W_10_M_50_SCORE_COMBINATION_WITH_SMOOTHING_computation_time,INTERPRETABILITY_CONDITIONAL_VOLUMN_PR_WITH_NDCG_HIT_K_37_W_10_M_50_SCORE_COMBINATION_WITH_SMOOTHING,INTERPRETABILITY_CONDITIONAL_VOLUMN_PR_WITH_NDCG_HIT_K_37_W_10_M_50_SCORE_COMBINATION_WITH_SMOOTHING_computation_time
machine-3-3.csv,0.10049474239349365,0.06865126135571337,0.2721518987341772,0.2335890397851644,0.2170201322173503,0.241236358742227,0.2554189852870357,0.2615252131987018,0.2699214233598078,0.2831531514900022,0.2878615994279863,0.297649972909617,0.1419622059166431,0.004559040069580078,0.010872364044189453,0.320188822417041,0.15522217750549316,0.17273303344845772,0.9961893558502197,0.16260447204113007,1.0281991958618164,0.15910404324531555,1.0562880039215088,0.1578851157799363,1.0925476551055908,0.15725309208035468,1.1288001537322998,0.3008446578366001,0.0288660526275634,0.3100427852352483,0.0943868160247802,0.3176748393185025,0.1011672019958496,0.3189241964799088,0.1071586608886718,0.3203192559468873,0.1130440235137939,0.3187007172805459,0.1208586692810058,0.3204537614020739,0.1303119659423828,0.3221134992183752,0.1381561756134033,0.3232515169323991,0.1480331420898437,0.3202214973484242,0.1606974601745605,0.191168768107891,1.0554563999176023,0.1913645394146442,1.0749530792236328,0.1900909627974033,1.0820677280426023,0.1855366969108581,1.0937159061431885,0.1852875711023807,1.098621845245361,0.1817539131641388,1.1035521030426023,0.1784023334085941,1.1117699146270752,0.1763393655419349,1.1181364059448242,0.1707058347761631,1.1274785995483398,0.1630543668568134,1.13600754737854,0.2832278481012658,0.15163254737854,0.2448642876711741,0.1693708896636963,0.2799124872851307,0.1691362857818603,0.2969387400300037,0.1691381931304931,0.3095183858010741,0.1692531108856201,0.3269086748236287,0.1692252159118652,0.3408739942024273,0.1691412925720214,0.3552315937801859,0.1693000793457031,0.3667951985223926,0.1688792705535888,0.3930356894705784,0.1690418720245361,0.4207870946233045,0.1692383289337158,0.4420535056355523,0.1693150997161865,0.4494273428686707,0.1695480346679687,0.4588989326039274,0.1690776348114013,0.4716157194516729,0.1691386699676513,0.4869875255531029,0.1691293716430664,0.5046335503296961,0.1692924499511718,0.5181636386520924,0.1692965030670166,0.5181636386520924,0.1692585945129394,0.1174529702961444,1.1725428104400637,0.1180035737156868,1.1603710651397705,0.1358397343754768,1.1554243564605713,0.1463590420782566,1.154332160949707,0.1514209879934787,1.1572179794311523,0.1601674029231071,1.1541283130645752,0.1708347500860691,1.5167880058288574,0.178881694227457,1.1475861072540283,0.1866350479424,1.1548690795898438,0.2012893567979335,1.1550772190093994,0.2164695362746715,1.3761155605316162,0.231415367424488,1.1664910316467283,0.2346872429549694,1.1419661045074463,0.2393856789171695,1.1705057621002195,0.2432711906731128,1.1449384689331057,0.2509794662892818,1.143589973449707,0.2570809799432754,1.2021377086639404,0.2668734000623226,1.143726825714111,0.2668734000623226,1.1445188522338867
machine-1-8.csv,0.25678810477256775,0.24311110955718182,0.218872870249017,0.2528429070572927,0.2854404289506128,0.3002793910581901,0.314458370184269,0.3196670609522576,0.3245422200956894,0.3275009294098803,0.3347954393129337,0.350706207784654,0.2292708045244217,0.0047092437744140625,0.010956048965454102,0.37403150322686696,0.16084957122802734,0.2653024077415466,0.9922583103179932,0.25611425191164017,1.0311846733093262,0.2552556902170181,1.0585370063781738,0.25436700992286204,1.0974128246307373,0.2525002136826515,1.1355364322662354,0.3858413312732399,0.0341246128082275,0.3946797466554072,0.0987741947174072,0.3949477703667807,0.1063990592956543,0.3953310943496643,0.1123526096343994,0.3902388554511395,0.1178975105285644,0.3875936245452093,0.1260347366333007,0.3851594977443593,0.135312795639038,0.3823157991739637,0.1433260440826416,0.3795297035036484,0.1529550552368164,0.3758791888471265,0.1658151149749755,0.3047904795408249,1.066972732543945,0.3100505545735359,1.080313205718994,0.2995385462045669,1.0846121311187744,0.2828831401467323,1.0885324478149414,0.2732118946313858,1.0996336936950684,0.2694173681735992,1.106068134307861,0.2663271990418434,1.109327793121338,0.2590168040990829,1.1211984157562256,0.2609217017889023,1.1254494190216064,0.253448024392128,1.1400010585784912,0.2673656618610747,0.1661388874053955,0.2995707191846362,0.1743643283843994,0.3309963745240897,0.1737716197967529,0.3499461309792802,0.1739630699157714,0.3573626574446826,0.1739585399627685,0.3907399509687157,0.1739149093627929,0.4097604818127087,0.1737534999847412,0.4250994316060898,0.1738860607147216,0.434192584577418,0.1737585067749023,0.440330900338593,0.1737077236175537,0.4564294057475744,0.1738252639770507,0.4731563485844749,0.1737978458404541,0.4829385037914906,0.1736481189727783,0.4890806993620177,0.1738996505737304,0.4964372505747455,0.1741435527801513,0.5032268388939156,0.1739709377288818,0.5151853154433799,0.173795461654663,0.5295684468199714,0.1745610237121582,0.537380175776528,0.1737551689147949,0.2001388803124427,1.2160403728485107,0.2202418652176857,1.1473751068115234,0.2307086426019668,1.147597312927246,0.2389296925067901,1.153966188430786,0.241930866241455,1.153550148010254,0.2605303046107292,1.1449813842773438,0.276359815299511,1.1455843448638916,0.2848254692554474,1.1433398723602295,0.2908563247323036,1.1398591995239258,0.2980341485142708,1.1498034000396729,0.3143103989958763,1.145310401916504,0.3240425455570221,1.1448614597320557,0.3279394882917404,1.146039962768555,0.3311473059654236,1.1413767337799072,0.3476038464903832,1.148595094680786,0.3615359523892402,1.1456732749938965,0.3759028485417366,1.14524245262146,0.393095301091671,1.1461431980133057,0.396421440243721,1.143598556518555
machine-2-5.csv,0.2879733741283417,0.2501509687648068,0.2693877551020408,0.2938621163760628,0.2926685983439794,0.303031172282096,0.3547438337670857,0.3909276574582916,0.4272163985085034,0.470041057136064,0.5225046789641171,0.5541662372194398,0.3049050897359848,0.0044803619384765625,0.01118016242980957,0.6231637701108516,0.16756415367126465,0.4122899115085602,0.9945688247680664,0.40578419640660285,1.0308432579040527,0.40198708822329837,1.0601141452789307,0.40133421011269094,1.1011505126953125,0.40041248470544816,1.1397819519042969,0.5678996914952668,0.0434112548828125,0.5994282056628667,0.1074955463409423,0.6109017272827924,0.1117761135101318,0.6136851849152904,0.1212420463562011,0.6160897200625516,0.1277430057525634,0.6181485266771365,0.1358284950256347,0.6190006030283116,0.1452062129974365,0.6211271157607722,0.1527724266052246,0.6231335607539302,0.1627364158630371,0.6221915667069415,0.1749203205108642,0.4266350498795509,1.0716822147369385,0.4306651753187179,1.0883409976959229,0.4281480494141578,1.087658166885376,0.4255164918303489,1.0985968112945557,0.4204190629720687,1.1098949909210205,0.4161326497793197,1.1138792037963867,0.4142743009328842,1.124328851699829,0.4127357161045074,1.1351406574249268,0.4081767004728317,1.1379015445709229,0.4032414722442627,1.1476726531982422,0.4275510204081633,0.1681082248687744,0.4324922530790588,0.1831226348876953,0.4581605985306378,0.183420181274414,0.5238185507031399,0.1833281517028808,0.5999734774539547,0.1835207939147949,0.6440672072668272,0.1836464405059814,0.6617287386139159,0.1835367679595947,0.6701192298245762,0.1833980083465576,0.6753424577774879,0.1838159561157226,0.6781767758387721,0.1833274364471435,0.6813829432065309,0.1832892894744873,0.6902681477010841,0.1834378242492675,0.7064695575104533,0.1831989288330078,0.7123557015196671,0.183525800704956,0.7155622246021932,0.1834478378295898,0.7172561220537508,0.1832668781280517,0.7177442642763836,0.1832010746002197,0.7182914355114806,0.1832225322723388,0.7232948904566742,0.1832554340362548,0.2431037378311157,1.1821670532226562,0.2805434411764145,1.160431146621704,0.296758226454258,1.1620283126831057,0.3518385335803032,1.1622045040130615,0.3884644091129303,1.1621108055114746,0.4128497913479805,1.1619901657104492,0.4194129556417465,1.1699283123016355,0.4220766267180443,1.1658856868743896,0.4249109363555908,1.1652297973632812,0.4267930498719215,1.1657843589782717,0.4301805433630943,1.1617004871368408,0.4361569389700889,1.1657938957214355,0.4464998939633369,1.1615402698516846,0.4503846073150634,1.164024829864502,0.451720307469368,1.1663858890533447,0.4537924817204475,1.1642704010009766,0.4540679892897606,1.1642224788665771,0.4547453045845032,1.1644721031188965,0.4567382445931434,1.1646058559417725
machine-2-3.csv,0.6171244978904724,0.4363636504209726,0.8773234200743495,0.8629422748239948,0.8471268212047993,0.8413865298327938,0.8459517889146285,0.8431996617425834,0.8400905543604723,0.8322363649377027,0.8162801673454871,0.8024861189539647,0.5594638425111771,0.004834651947021484,0.010373115539550781,0.8839214720513389,0.1385035514831543,0.6773708164691925,0.9930377006530762,0.6821146041154862,1.0267524719238281,0.6820292562246323,1.0469286441802979,0.6825414426624775,1.0845122337341309,0.6821537417173386,1.1186816692352295,0.8330391283171331,0.0142793655395507,0.8667013911565354,0.0809934139251709,0.8845302334344299,0.087501049041748,0.8921270352941274,0.0922648906707763,0.8988441443070072,0.0982792377471923,0.9014748071601782,0.1062397956848144,0.8993119525176261,0.1158828735351562,0.8922674326822325,0.1235225200653076,0.88956204583463,0.1329817771911621,0.8849501413737497,0.1455748081207275,0.836478922367096,1.072688102722168,0.8389976072311401,1.0673246383666992,0.840782607793808,1.0729091167449951,0.8212063431739807,1.0749895572662354,0.8223499023914337,1.0856144428253174,0.8191849672794342,1.0975706577301023,0.8010606980323791,1.1019701957702637,0.7561186736822129,1.1049256324768066,0.7338278102874756,1.1155500411987305,0.6947019958496093,1.1248750686645508,0.929368029739777,0.1405932903289795,0.9287241754087104,0.1546950340270996,0.9300560806757112,0.1545157432556152,0.9309033222470292,0.1546969413757324,0.8981208987675542,0.1546938419342041,0.8701058935110367,0.1544594764709472,0.8690019893588975,0.1544771194458007,0.8694309934282676,0.1544091701507568,0.8660798505532211,0.1545474529266357,0.8650988247847221,0.1544194221496582,0.8724002850514523,0.1543412208557129,0.8813739182547238,0.1544916629791259,0.8967960154321122,0.1544761657714843,0.9135987970166176,0.1544888019561767,0.9235189482785156,0.1545906066894531,0.9278627857439088,0.1547415256500244,0.9308815773160848,0.1545045375823974,0.9333652046813696,0.1545681953430175,0.9343298637582984,0.1543905735015869,0.6311483985185623,1.1571054458618164,0.6424601680040359,1.139249563217163,0.6422307813167571,1.1336383819580078,0.6721387892961502,1.1314713954925537,0.6664525014162064,1.1316261291503906,0.6904951179027558,1.134677171707153,0.6920989841222763,1.1362411975860596,0.7085528671741486,1.140418529510498,0.7281287556886673,1.1378586292266846,0.7279814594984054,1.1416590213775637,0.7287664014101028,1.1356561183929443,0.7304692530632019,1.1362922191619873,0.735770348906517,1.139780044555664,0.7396693551540374,1.132645845413208,0.740960573554039,1.142176866531372,0.7419674003124237,1.13309645652771,0.7421943509578705,1.135037899017334,0.742459413409233,1.139326810836792,0.7425129824876785,1.1402766704559326
machine-1-7.csv,0.2735346257686615,0.2331313563361277,0.5992493744787323,0.5877954339809623,0.4930264298424065,0.4735860784850321,0.4311463562887721,0.4030578438089179,0.3814999780527853,0.3638832672059677,0.350637563276519,0.3543696810550545,0.2758190244436264,0.004415035247802734,0.010084390640258789,0.4098938105955277,0.22342991828918457,0.33130307495594025,0.9996964931488037,0.32624802812933923,1.031877040863037,0.3257565811276436,1.064284324645996,0.32403942979872224,1.0992414951324463,0.3232245776057243,1.143040418624878,0.3875751870921782,0.1040329933166503,0.395713782931175,0.166853666305542,0.4007658270666929,0.170159101486206,0.4049366376693023,0.1785221099853515,0.4074533808897117,0.1845238208770752,0.4070626329538408,0.1933660507202148,0.4075823397253312,0.2026689052581787,0.4087437838398066,0.2103273868560791,0.4097004430136569,0.2202286720275879,0.409522368601537,0.232551097869873,0.3340678817033767,1.062612771987915,0.3369224372506141,1.085381031036377,0.334963364303112,1.087944746017456,0.3338071462512016,1.0994937419891355,0.3329069420695305,1.103153944015503,0.3301198327541351,1.1055386066436768,0.3232064551115036,1.1207845211029053,0.3231321319937706,1.1282813549041748,0.3239599865674972,1.1320233345031738,0.323102536201477,1.1455793380737305,0.6422018348623854,0.2258729934692382,0.5542156506302711,0.2428762912750244,0.4894012975738593,0.2430140972137451,0.4347256724777368,0.2431378364562988,0.4028622395535189,0.243126630783081,0.4153241472406243,0.2427144050598144,0.4243023826524911,0.2431747913360595,0.4326721204028482,0.2433624267578125,0.4489272271733622,0.2439005374908447,0.475730360092785,0.2426881790161132,0.4965680623441497,0.2428259849548339,0.5210236739684005,0.2428052425384521,0.557995925664731,0.2433621883392334,0.5988546175944706,0.2429273128509521,0.6301771842361245,0.2425777912139892,0.6510261200613895,0.2424185276031494,0.6615784603735105,0.2430512905120849,0.6660171428490828,0.2430517673492431,0.6816805484084837,0.2431180477142334,0.4512577465176582,1.171006679534912,0.4087617683410645,1.1623892784118652,0.3750905957818031,1.155789136886597,0.339521909058094,1.1597368717193604,0.3214438456296921,1.156121015548706,0.3248725652694702,1.1629538536071775,0.3313879030942916,1.1582109928131104,0.3347063890099525,1.157496690750122,0.3419233229756355,1.1651160717010498,0.3554384386539459,1.15887188911438,0.3749627906084061,1.1606929302215576,0.3897168698906899,1.166182279586792,0.4124397271871566,1.1580595970153809,0.4391195037961006,1.1578283309936523,0.4570331475138664,1.157280683517456,0.4650801262259483,1.165196657180786,0.4734121647477149,1.1604998111724854,0.4753147032856941,1.1609323024749756,0.4822485035657882,1.1552093029022217
machine-1-1.csv,0.3385002613067627,0.3901285218129982,0.661841128433556,0.5992324335730289,0.5563517698100824,0.5228503506711449,0.5051014656721161,0.4949772221765815,0.4888619091662762,0.4918373158478035,0.4997007726451133,0.510222122256433,0.3049689641594886,0.004577159881591797,0.011988401412963867,0.5364094295097854,0.2506446838378906,0.34693939983844757,1.1811318397521973,0.3443631313741207,1.2191414833068848,0.34157774051030476,1.254065990447998,0.3405871342867613,1.2878925800323486,0.3400918784737587,1.3300034999847412,0.481285285171059,0.1083581447601318,0.5047691075659666,0.1789362430572509,0.5132128384273339,0.185990571975708,0.519465755190129,0.1991376876831054,0.5216805738400472,0.2083127498626709,0.5251665403491865,0.2194712162017822,0.5277571369006749,0.2291047573089599,0.5306291792407776,0.2392969131469726,0.5330238303366845,0.2475373744964599,0.5343247723676141,0.2636504173278808,0.3325793841481209,1.2441387176513672,0.3344999340176582,1.2674667835235596,0.3370308896899223,1.270775318145752,0.3374007427692413,1.2884557247161863,0.3379226887226105,1.2832348346710205,0.339282973408699,1.3008105754852295,0.3397909751534462,1.3040950298309326,0.3381712341308593,1.3178613185882568,0.339084360897541,1.3240551948547363,0.3397340419888496,1.335801124572754,0.6495916852264291,0.2567334175109863,0.5720391482311932,0.2742578983306885,0.545974107498806,0.2741940021514892,0.5228456611689654,0.2743246555328369,0.5310880998727295,0.2741098403930664,0.5398011053930537,0.274498701095581,0.5420170988896014,0.2741427421569824,0.5465701306395908,0.2740113735198974,0.5532794483500626,0.2746815681457519,0.5640602481994482,0.2746596336364746,0.5759395251420687,0.2743842601776123,0.5821814223302746,0.2746350765228271,0.5879326313728819,0.2747342586517334,0.6089931199759606,0.2745473384857178,0.6349358783626089,0.2750022411346435,0.66294340697804,0.274202823638916,0.7017068881338177,0.2737843990325928,0.7371186533075909,0.2741711139678955,0.7467155930481566,0.2745635509490967,0.3559712848067283,1.3736512660980225,0.3419805586338043,1.35878586769104,0.342439756989479,1.3549106121063232,0.3329698243737221,1.352660894393921,0.3361604583263397,1.3580191135406494,0.3433553865551949,1.3559362888336182,0.3452895781397819,1.3585269451141355,0.3500005078315735,1.3557555675506592,0.3626556694507599,1.3671693801879885,0.3693960982561111,1.356823444366455,0.3771563276648521,1.3615329265594482,0.3788849380612373,1.3562309741973877,0.3825325593352318,1.353834867477417,0.4100272157788276,1.3601207733154297,0.4370395144820213,1.35896897315979,0.459924630522728,1.355344295501709,0.4840747833251953,1.3576059341430664,0.5016585582494736,1.3548684120178225,0.5052401781082153,1.3589980602264404
machine-3-10.csv,0.3227107524871826,0.7607211353478943,0.7870105062082139,0.794400244646314,0.7877359811204079,0.7409994731543834,0.7011521839188424,0.7024391700676318,0.6916424513261008,0.6800024448746165,0.6863138229661552,0.6960963479840455,0.4524108776450157,0.0044896602630615234,0.01065969467163086,0.756601339885625,0.1664121150970459,0.6497577548027038,0.9948158264160156,0.652104988694191,1.0236101150512695,0.6515742073456446,1.058424711227417,0.6516609579324723,1.1012747287750244,0.6521949833631515,1.13405179977417,0.7111904446270849,0.0426046848297119,0.7351916963344546,0.1100351810455322,0.7436343331448504,0.1141810417175293,0.7491197099216573,0.1202344894409179,0.7516809227167863,0.1265861988067627,0.7531923439499814,0.1341607570648193,0.7549284743309345,0.1438078880310058,0.7562521042345431,0.1516728401184082,0.7572335063076304,0.1610071659088134,0.7569327344539218,0.1740295886993408,0.6948038148880005,1.0607621669769287,0.6995767015218735,1.083580493927002,0.6962463486194611,1.092460870742798,0.68763108253479,1.0921638011932373,0.6856302523612976,1.1048827171325684,0.6813817703723908,1.1134424209594729,0.6769854468107224,1.117591381072998,0.6724713975191117,1.1231999397277832,0.6625335127115249,1.1318109035491943,0.6628042858839035,1.1390326023101809,0.9083094555873924,0.1687583923339843,0.8804994300936128,0.1825268268585205,0.7713110206630871,0.1825907230377197,0.7584188132129419,0.1826663017272949,0.7495435626315244,0.182633638381958,0.7574456304053034,0.1825616359710693,0.704079017975333,0.1827025413513183,0.7250669157865279,0.1824712753295898,0.7439390820581653,0.1826217174530029,0.752427676103577,0.1826307773590088,0.7844173765301523,0.1826543807983398,0.8267678537823984,0.1825973987579345,0.8377525476560652,0.1825571060180664,0.8468548071253807,0.1828129291534423,0.8546098845025211,0.182715892791748,0.8621477439955613,0.1827521324157714,0.8741194308826169,0.1826264858245849,0.8812561395377976,0.1824171543121338,0.8837267816541279,0.1824991703033447,0.6650836545228959,1.1755335330963137,0.6198257231712341,1.1603593826293943,0.5775309926271439,1.1579108238220217,0.608286966085434,1.152400016784668,0.6489238005876541,1.1531741619110107,0.6517175710201264,1.15547776222229,0.6492997294664383,1.1480915546417236,0.6542375779151917,1.1527230739593506,0.6540760535001755,1.153480052947998,0.6557267707586288,1.1517908573150637,0.6642982858419418,1.1533331871032717,0.6672569143772126,1.1601967811584473,0.6716865783929825,1.1566367149353027,0.6758046126365662,1.1541333198547363,0.6767826694250106,1.1570477485656738,0.6777769589424133,1.157064437866211,0.6790403455495835,1.1557095050811768,0.6795807987451553,1.156034231185913,0.6826509231328964,1.1575849056243896
machine-1-6.csv,0.8328475952148438,0.8847924722923228,0.8381877022653722,0.8350578251841866,0.8279455937587953,0.8186948493691092,0.7871773055622113,0.7843947228788827,0.7821845532038367,0.7785854432215366,0.7792561723967821,0.7729518462100028,0.6765824520587921,0.006529331207275391,0.010814189910888672,0.7806226040824207,0.25335240364074707,0.7207969665527344,1.0196917057037354,0.7142570167779922,1.062936544418335,0.715396918853124,1.1212410926818848,0.7147094666957855,1.1780965328216553,0.7140831267833709,1.2409911155700684,0.7858165378280906,0.1318914890289306,0.7881750662332052,0.1985716819763183,0.787664372472081,0.2045254707336425,0.786225165163776,0.2100515365600586,0.7849276061778232,0.2166533470153808,0.7834245051431227,0.2246997356414795,0.7825811031724367,0.2339437007904052,0.781932635398308,0.2416026592254638,0.7807572417861128,0.2507045269012451,0.7805325379291685,0.2634472846984863,0.8720864450931549,1.1706688404083252,0.8562343502044678,1.1860661506652832,0.8327060902118683,1.1896545886993408,0.8048290872573852,1.1994431018829346,0.774439707994461,1.201944351196289,0.7588851451873779,1.21441912651062,0.749313451051712,1.2194044589996338,0.742768588066101,1.2255501747131348,0.7283174192905426,1.2284910678863523,0.718868248462677,1.2421479225158691,0.8398058252427184,0.2542798519134521,0.8346380620317556,0.2726397514343261,0.7975507781713111,0.2726874351501465,0.7902567054860785,0.2734243869781494,0.786086097049954,0.2726509571075439,0.7713922001738502,0.2733473777770996,0.7575734088650525,0.2731363773345947,0.7432223670870405,0.2729363441467285,0.7323520051906158,0.272709846496582,0.723370513799876,0.2727029323577881,0.718019199770758,0.2728667259216308,0.7540554897312317,0.272944688796997,0.7853608166157053,0.2727947235107422,0.8170765970567259,0.2725923061370849,0.8439595950370928,0.2728514671325683,0.8597896421754709,0.2726609706878662,0.8709417242915354,0.2741730213165283,0.880817753519023,0.2735199928283691,0.8823156322335413,0.2728455066680908,0.6275357639789582,1.417532205581665,0.6329896068572998,1.2598717212677002,0.6605468821525574,1.2513971328735352,0.6871787762641907,1.2543532848358154,0.7093241941928864,1.259648323059082,0.7216287708282471,1.2521979808807373,0.7304965221881866,1.25372052192688,0.7387300968170166,1.2475931644439695,0.7583077669143676,1.24350905418396,0.7643773984909058,1.2410776615142822,0.7735498464107513,1.2311837673187256,0.7863070356845856,1.2359843254089355,0.8004613375663757,1.2357730865478516,0.8163397300243378,1.2426817417144775,0.8225138366222382,1.2469956874847412,0.8249101781845093,1.2439322471618652,0.8276561486721039,1.244682550430298,0.8342323958873749,1.2483320236206057,0.8346849453449249,1.247974872589111
machine-2-8.csv,0.9105907082557678,0.9179915211152823,1.0,1.0,1.0,0.9999999999999998,0.9999999999999998,1.0,1.0000000000000002,1.0000000000000002,1.0,1.0,0.9695411598682404,0.0040531158447265625,0.011293172836303711,1.0000000000000002,0.13286137580871582,0.9682010591030121,0.9802119731903076,0.9690070629119873,1.0249378681182861,0.9693584263324737,1.047956943511963,0.9694824442267418,1.0844781398773193,0.9695411705970765,1.1166939735412598,1.0000000000000002,0.0099959373474121,1.0000000000000002,0.0639791488647461,1.0000000000000002,0.0676398277282714,1.0000000000000002,0.074465274810791,1.0000000000000002,0.0850262641906738,1.0000000000000002,0.0894370079040527,1.0000000000000002,0.0977962017059326,1.0000000000000002,0.1052470207214355,1.0000000000000002,0.1113936901092529,1.0000000000000002,0.1230502128601074,0.9695411705970765,1.0204980373382568,0.9695411705970765,1.0642075538635254,0.9695411705970765,1.0786943435668943,0.9695411705970765,1.080882549285889,0.9695411705970765,1.0886828899383545,0.9695411705970765,1.0928049087524414,0.9695411705970765,1.104447364807129,0.9695411705970765,1.1040339469909668,0.9695411705970765,1.113481044769287,0.9695411705970765,1.1265215873718262,1.0,0.1357653141021728,1.0,0.1306369304656982,1.0,0.1318938732147216,1.0000000000000002,0.1318652629852295,1.0000000000000002,0.131556749343872,1.0,0.1316769123077392,1.0,0.1317472457885742,1.0,0.1319062709808349,1.0,0.131540298461914,1.0,0.131871223449707,0.9999999999999998,0.1317143440246582,0.9999999999999998,0.1318256855010986,0.9986980277314004,0.131730318069458,0.9943628234085682,0.1319723129272461,0.9875182824985403,0.1316070556640625,0.979525999596358,0.1318011283874511,0.9616429179911864,0.1318826675415039,0.9561463727890483,0.1321983337402343,0.9820217265944606,0.1314773559570312,0.9695411705970765,1.141075849533081,0.9695411705970765,1.13932466506958,0.9695411705970765,1.1351814270019531,0.9695411705970765,1.141237735748291,0.9695411705970765,1.140305995941162,0.9695411705970765,1.1382629871368408,0.9695411705970765,1.1398508548736572,0.9695411705970765,1.1363568305969238,0.9695411705970765,1.1403248310089111,0.9695411705970765,1.1367673873901367,0.9695411705970765,1.1343202590942385,0.9695411705970765,1.143484354019165,0.9695411705970765,1.141122817993164,0.9679683208465576,1.142650842666626,0.9661368358135224,1.143019199371338,0.9659878385066986,1.1433846950531006,0.9658129596710204,1.1438894271850586,0.9668298614025116,1.1387510299682615,0.9695052444934844,1.1333928108215332
machine-3-8.csv,0.47529977560043335,0.4887540055699084,0.7104303428154631,0.6796739927143945,0.6725144895782385,0.6672364834312093,0.673076197177505,0.6892399733873242,0.6972766349367556,0.7028137207887876,0.7096088306354741,0.7107561957345833,0.635163733959198,0.46637678146362305,0.013933420181274414,0.7155913953221027,0.20615148544311523,0.6425512969493866,1.192579984664917,0.6427394926548005,1.220862865447998,0.6425488034884135,1.2526309490203857,0.6424200519919395,1.2884855270385742,0.6421582698822021,1.321446180343628,0.6785220091284832,0.0619959831237793,0.7004486296672936,0.1260781288146972,0.7088996058889848,0.124652624130249,0.7139304803488754,0.1407320499420166,0.7139954841014454,0.1538479328155517,0.7123593567321662,0.1638588905334472,0.7146293588840054,0.1729438304901123,0.7157755617658466,0.1835749149322509,0.7166692966719019,0.1933624744415283,0.7170016738353472,0.2088377475738525,0.6284579968452454,1.2284421920776367,0.6404769068956375,1.2519958019256592,0.6441159206628799,1.2580795288085938,0.6467140257358551,1.2700984477996826,0.6447539985179901,1.2703003883361816,0.6431250673532486,1.2847740650177002,0.6422686582803726,1.2956993579864502,0.642596784234047,1.3033883571624756,0.6431082105636596,1.3139982223510742,0.6439880454540252,1.3255746364593506,0.687089715536105,0.2088997364044189,0.6613900850590995,0.2215588092803955,0.6702853525417771,0.2223942279815673,0.6910709266802002,0.2222452163696289,0.7058669355983648,0.2225947380065918,0.7172481267581402,0.2223312854766845,0.7332272116848519,0.222299575805664,0.7407966765334859,0.2222592830657959,0.746149095908016,0.2222557067871093,0.7490732573986557,0.2220532894134521,0.7513119246205874,0.2219619750976562,0.7559095011136069,0.222034215927124,0.760270706647499,0.2221429347991943,0.7716912574962339,0.2221453189849853,0.77506737548024,0.2221183776855468,0.7771178318400233,0.2223775386810302,0.7814607833595303,0.2223546504974365,0.7850189471836139,0.2228090763092041,0.7947554157619633,0.2224078178405761,0.5963170975446701,1.3554704189300537,0.6053257024288178,1.3355567455291748,0.6104209113121033,1.3401453495025637,0.6262855434417725,1.3410758972167969,0.6354870468378067,1.3430447578430176,0.6469253385066986,1.3438444137573242,0.6579631614685059,1.3468542098999023,0.6653647297620773,1.3440818786621094,0.6702273297309875,1.3477582931518557,0.674022262096405,1.3462011814117432,0.678486915230751,1.3439908027648926,0.6807646298408508,1.341285228729248,0.6842687118053437,1.3518524169921875,0.6895644944906235,1.3449325561523438,0.6921749043464661,1.345193862915039,0.6933631104230881,1.3476130962371826,0.6965905731916427,1.3389570713043213,0.6979071289300919,1.340085744857788,0.7020814311504364,1.345674753189087
machine-2-9.csv,0.5054875016212463,0.5576081977615193,0.7988603988603988,0.7781400775612269,0.761209164785387,0.7495291308062935,0.7412892533210406,0.7290265492581749,0.711911980880936,0.6945693923368711,0.7006059916669984,0.7073509786776231,0.6263168370723724,0.0043010711669921875,0.012237310409545898,0.7353142218505051,0.21329593658447266,0.6779194355010987,1.1942801475524902,0.6794806733727455,1.2170140743255615,0.6795514901479085,1.2476816177368164,0.6796728700399399,1.2813801765441895,0.6796694946289062,1.320458173751831,0.6903787006438563,0.0664663314819336,0.7142002619863577,0.1440045833587646,0.7231012505948807,0.1458265781402588,0.7271767934436218,0.1542472839355468,0.7276245895203604,0.1701719760894775,0.7286868548280276,0.1780459880828857,0.7310488315223015,0.187312364578247,0.7318813399646935,0.1975493431091308,0.7327299160789802,0.2072222232818603,0.7332435035734745,0.2220458984375,0.6578427755832672,1.2202129364013672,0.6712058955430984,1.2533998489379885,0.6748683702945709,1.2566745281219482,0.6761035990715026,1.26781964302063,0.673881842494011,1.2833094596862793,0.6748502629995347,1.2892158031463623,0.6765401470661163,1.297827959060669,0.6771277445554733,1.3114845752716064,0.6775400805473327,1.317792892456055,0.6778181099891663,1.326687574386597,0.837037037037037,0.2150814533233642,0.7999429188266329,0.2324903011322021,0.7741689677518785,0.2324097156524658,0.7390690946517329,0.2326195240020752,0.7282090558468401,0.2324392795562744,0.7349804048049547,0.232358694076538,0.7370560120719607,0.2328336238861084,0.748912292397314,0.2328639030456543,0.750558462192973,0.2322962284088134,0.754651988828656,0.2324895858764648,0.7673428637157047,0.2330453395843505,0.784960743727657,0.2331061363220214,0.8017648761480943,0.2323997020721435,0.8140440315455238,0.2328827381134033,0.822847429605424,0.2325894832611084,0.8319776836585826,0.2324874401092529,0.8414783461152924,0.2327761650085449,0.8499431453604495,0.2326633930206298,0.854274452646336,0.2329030036926269,0.6588845020532608,1.367631196975708,0.6922803556919098,1.3458027839660645,0.6800682306289673,1.3474583625793457,0.679543132185936,1.3449008464813232,0.6759773355722427,1.3453171253204346,0.6814715772867203,1.341905117034912,0.6809806203842164,1.345116138458252,0.6881469529867172,1.3539791107177734,0.6920861494541168,1.3475525379180908,0.6966647952795029,1.3458001613616943,0.7046303403377533,1.348869562149048,0.7150083601474762,1.35199236869812,0.7227066928148269,1.3474557399749756,0.7274325603246689,1.3495357036590576,0.7312441408634186,1.34641695022583,0.736060848236084,1.3497440814971924,0.7412632524967193,1.350459098815918,0.7451535874605179,1.3459982872009275,0.7461881363391876,1.346400260925293
machine-3-2.csv,0.08205173164606094,0.05301026458449123,0.0090171325518485,0.0086683022477596,0.0082590556460072,0.0087926355109576,0.0085474808200891,0.0085474808200891,0.0085474808200891,0.0085474808200891,0.0085474808200891,0.0085474808200891,0.0577598088234663,0.004168510437011719,0.011404275894165039,0.03009149267165192,0.17330479621887207,0.07115681432187557,0.9937701225280762,0.06604989971965551,1.0261754989624023,0.0645525806893905,1.0475025177001953,0.06390250148251653,1.0850348472595215,0.06352456338703633,1.1185436248779297,0.0246048362999092,0.0481524467468261,0.0248780688601896,0.114769697189331,0.0276955524481595,0.1194257736206054,0.0297399407980307,0.1260645389556884,0.0318517390243356,0.1324939727783203,0.0315316858039127,0.1404628753662109,0.0323395294213573,0.1496229171752929,0.0323755842258697,0.1575696468353271,0.0310306909475158,0.1671288013458252,0.0306199070911735,0.179764986038208,0.0726368208229541,1.0447864532470703,0.0723528699576854,1.064361333847046,0.0714694258570671,1.070972919464111,0.0706285416334867,1.0740714073181152,0.0695387739688158,1.0859453678131104,0.06783750385046,1.0902559757232666,0.0674072362482547,1.0993173122406006,0.0663094155490398,1.1055629253387451,0.0647139179706573,1.1087698936462402,0.0639603635668754,1.1284739971160889,0.0135256988277727,0.1730005741119384,0.015115047215654,0.1888885498046875,0.0184488407320836,0.1889019012451172,0.0214418953902565,0.1892590522766113,0.0253491148553295,0.1890063285827636,0.0305824474104627,0.1891143321990966,0.0342063191377839,0.1889090538024902,0.036723835113749,0.1891899108886718,0.0433921040431591,0.1888542175292968,0.052581855224751,0.1886854171752929,0.0722410675870823,0.1889450550079345,0.1070890404757543,0.188957929611206,0.1637285358909767,0.1889209747314453,0.1985000079997143,0.1890983581542968,0.217316089198416,0.1890792846679687,0.231000581975758,0.1890971660614013,0.2712577479182657,0.1888360977172851,0.2844748389610964,0.1893796920776367,0.2946035445611197,0.1889355182647705,0.0610250306874513,1.1527998447418213,0.0605423387140035,1.1304361820220947,0.0604432309418916,1.1416492462158203,0.0609091958403587,1.1392090320587158,0.0613779833912849,1.1388189792633057,0.063509664312005,1.1373727321624756,0.0649229226261377,1.1361989974975586,0.0654642575979232,1.139467716217041,0.0664142065495252,1.138707160949707,0.0679251208156347,1.1348252296447754,0.0744764935225248,1.138845682144165,0.0855628423392772,1.139719009399414,0.1116385399550199,1.135995626449585,0.1270060911029577,1.1401615142822266,0.1354943069815635,1.1382677555084229,0.1406346536427736,1.141321897506714,0.1596601799875497,1.135880470275879,0.1660182412713766,1.1421136856079102,0.1709216091781854,1.1399753093719482
machine-2-7.csv,0.5259233117103577,0.7525261792926812,0.7434052757793765,0.7724070458266429,0.7818126139989393,0.7846085685311992,0.7902132203466795,0.7988095299266906,0.8115325580246086,0.8179563495164068,0.8253724000726919,0.8302033832546158,0.3600126594305038,0.004467964172363281,0.010005712509155273,0.8988278382055644,0.14119625091552734,0.6091325014829636,0.9930622577667236,0.6080874383449555,1.025353193283081,0.6081930955251058,1.056300163269043,0.6079153895378113,1.0947332382202148,0.6075891727209091,1.138688325881958,0.8852640296239681,0.0190522670745849,0.9092669046119914,0.0861165523529052,0.9251080589765748,0.0899205207824707,0.9242756221235906,0.0984437465667724,0.9210077050871578,0.1025753021240234,0.9141397040275616,0.1107535362243652,0.9128771702674444,0.1201395988464355,0.9096838963995544,0.127915620803833,0.9065920208101166,0.1372349262237548,0.9022232527638204,0.1498775482177734,0.7927537846565247,1.062547206878662,0.7807829064130783,1.0787618160247805,0.7675937139987945,1.0812654495239258,0.739567237496376,1.0925941467285156,0.7191334307193756,1.100646734237671,0.6816377472877503,1.1088855266571045,0.669844982624054,1.1151752471923828,0.6442119652032852,1.1244750022888184,0.6354562187194824,1.1256308555603027,0.6131377905607224,1.1408350467681885,0.8081534772182254,0.1417105197906494,0.8414586228606656,0.1590323448181152,0.8601021653782298,0.1590216159820556,0.876151140644696,0.1591887474060058,0.8969335552572609,0.1588945388793945,0.9024250269405032,0.1590626239776611,0.9035580750783968,0.1588449478149414,0.904312855667794,0.1588530540466308,0.8968270205025299,0.1590771675109863,0.8828468684056359,0.1588778495788574,0.8641949446863136,0.1589560508728027,0.8789447840288446,0.1591913700103759,0.8855400066721024,0.1589117050170898,0.8891326906757304,0.1588609218597412,0.8947033927632811,0.1589274406433105,0.8950232794386237,0.1589159965515136,0.8951530530028566,0.159074068069458,0.8991777410502265,0.1589970588684082,0.9099342132198756,0.1589136123657226,0.3241372913122177,1.1695880889892578,0.4223479533195495,1.1527376174926758,0.4700092196464538,1.1511433124542236,0.5375658440589904,1.1516261100769043,0.5994981801509858,1.1493494510650637,0.6169024205207825,1.152562379837036,0.620018213391304,1.1527273654937744,0.6332603067159652,1.1539323329925537,0.6414895755052566,1.1474440097808838,0.6419868737459182,1.1510961055755615,0.6443922579288482,1.1442081928253174,0.6457203537225723,1.151383876800537,0.6462492716312408,1.146839618682861,0.6462690788507461,1.1491992473602295,0.6463029325008393,1.1510891914367676,0.6463029325008393,1.1456623077392578,0.6463037550449371,1.1492276191711426,0.6463095831871033,1.148897647857666,0.6463389068841934,1.148557186126709
machine-1-2.csv,0.5648192167282104,0.4605366709347398,0.8597785977859779,0.7761167380122544,0.7170279205308907,0.6808633331431264,0.6615485345732729,0.6527920918022604,0.6551097330498652,0.6577068733991497,0.6768274313150002,0.6917110818030132,0.6834460198879242,0.004100799560546875,0.011214017868041992,0.7117606837556706,0.14921259880065918,0.698012986779213,0.9923994541168213,0.6985296100378037,1.0218348503112793,0.6984333564837774,1.0500264167785645,0.6986296258866787,1.0850071907043457,0.6986437720060349,1.115957260131836,0.6595928941576755,0.0252137184143066,0.6790690644907775,0.0893323421478271,0.6898855409061619,0.0980281829833984,0.699172774793085,0.1032111644744873,0.7032972427509983,0.1094017028808593,0.7124208315804856,0.1179115772247314,0.7130570412838241,0.1275112628936767,0.7150420465075141,0.1352472305297851,0.7169533786822598,0.1447367668151855,0.7151806491016839,0.1573226451873779,0.6759076750278473,1.0436813831329346,0.69247274518013,1.06734299659729,0.6910550743341446,1.063053846359253,0.6919380819797516,1.0811042785644531,0.6948013454675674,1.0847971439361572,0.7020304447412491,1.0897176265716553,0.7035118961334228,1.0977044105529783,0.7019424515962601,1.106588363647461,0.7023021775484085,1.109485387802124,0.7006465369462966,1.1237199306488037,0.8394833948339483,0.1495048999786377,0.7378453968330013,0.1656761169433593,0.6854649524830075,0.1657750606536865,0.6783864679535019,0.1654164791107177,0.7028967807072226,0.1655523777008056,0.7223563137795355,0.1655850410461425,0.7339182056267476,0.1656310558319091,0.757344134298435,0.1655008792877197,0.7864842406319942,0.1654748916625976,0.8044009014492027,0.165522813796997,0.8186992905727782,0.1656672954559326,0.8304040070377418,0.1655197143554687,0.837710416947884,0.1655800342559814,0.8441681131682796,0.1655349731445312,0.8462930499096111,0.1654191017150879,0.8471515811511852,0.1654458045959472,0.8487750493612367,0.1662220954895019,0.8494801799141919,0.1654980182647705,0.8494801799141919,0.1657140254974365,0.6657864093780518,1.1537063121795654,0.6961577010154724,1.1459205150604248,0.6758655261993408,1.1381828784942627,0.6734165745973587,1.138329267501831,0.6930908358097077,1.1386661529541016,0.7032852119207382,1.137747049331665,0.708961676955223,1.137693166732788,0.7209587210416794,1.136735916137695,0.7326099264621735,1.1370234489440918,0.739805400967598,1.1388673782348633,0.7455668461322784,1.1409788131713867,0.7504574954509735,1.142711162567139,0.7535297912359238,1.139650821685791,0.756143187880516,1.1417884826660156,0.7570025539398193,1.1395084857940674,0.7572526043653488,1.1424212455749512,0.7580252373218537,1.1403398513793943,0.7584335601329804,1.1401910781860352,0.7584335601329804,1.1420018672943115
machine-2-6.csv,0.4590543508529663,0.4361145087976098,0.3608490566037736,0.3435136713739238,0.3359599459160604,0.3634973178091502,0.375850852465332,0.3964234021463794,0.4110229679229301,0.4292388389050405,0.4413713269690431,0.4613610910757945,0.3622118532657623,0.004037618637084961,0.012378454208374023,0.5024522018108872,0.16857576370239258,0.47169930040836333,1.188249111175537,0.4717513769865036,1.2249646186828613,0.4688663313786189,1.249708890914917,0.46893035247921944,1.279698371887207,0.46851851999759675,1.318190574645996,0.4571825739046973,0.0211925506591796,0.4761618551118024,0.096280813217163,0.4846229358810397,0.1020464897155761,0.4857009136430424,0.1103973388671875,0.4936666249360407,0.122971773147583,0.4953977874032382,0.1325092315673828,0.5007626547373348,0.1409723758697509,0.5055715964064456,0.1523809432983398,0.5034409490889278,0.1618621349334716,0.5042999254783378,0.1764216423034668,0.4788756293058395,1.2297890186309814,0.494257133603096,1.250899076461792,0.4888221043348312,1.258620262145996,0.4818242985010147,1.2618110179901123,0.481868639588356,1.2805218696594238,0.4825721901655197,1.2900867462158203,0.4838534748554229,1.3046677112579346,0.48434818983078,1.313732385635376,0.4707602161169052,1.3139216899871826,0.4708424872159958,1.3354010581970217,0.3985849056603773,0.172882080078125,0.4048388890087667,0.1922395229339599,0.4205287542392158,0.1909375190734863,0.4478995827128968,0.1873748302459716,0.4826964567332943,0.1872575283050537,0.5144391693840541,0.1872971057891845,0.5248260396484996,0.1872065067291259,0.539513676961792,0.1871428489685058,0.5477054119744883,0.1872651576995849,0.5534638308598527,0.1870718002319336,0.5582102611456177,0.1872971057891845,0.5758747309311734,0.1871192455291748,0.5875449910001025,0.1869771480560302,0.594326453997248,0.1874301433563232,0.5963885557941699,0.1870636940002441,0.6006807339227146,0.1871163845062255,0.6063596940821915,0.1873190402984619,0.6124610560846795,0.187269926071167,0.6272297371444933,0.1872050762176513,0.3476376992464065,1.3622558116912842,0.3692524081468582,1.3448083400726318,0.3723647379875183,1.338531494140625,0.4148230427503586,1.3373897075653076,0.4491069453954697,1.3388302326202393,0.4778964132070541,1.3401544094085691,0.4888562369346618,1.339161396026611,0.4978347277641296,1.338897705078125,0.5048566854000092,1.343001127243042,0.5086360770463944,1.3410859107971191,0.5132379120588303,1.3373644351959229,0.517139989733696,1.3394067287445068,0.520401475429535,1.333927869796753,0.5238211399316788,1.340714454650879,0.5243455040454864,1.3336007595062256,0.5260776203870773,1.333120346069336,0.5275235098600387,1.340975046157837,0.5300935345888138,1.3397529125213623,0.5426595443487168,1.3376226425170898
machine-3-7.csv,0.1195819303393364,0.24333812020065773,0.716589861751152,0.716589861751152,0.6971266887824662,0.6891646556411976,0.6861120333049882,0.6819463494489633,0.6762535981748228,0.6824139458547804,0.6828757083016007,0.6825285707935994,0.1454300135374069,0.003992557525634766,0.012320756912231445,0.6828987374392894,0.16943740844726562,0.14881994277238847,1.1965949535369873,0.1464485816657543,1.2232732772827148,0.1458611143132051,1.2422316074371338,0.14569738041609526,1.2735092639923096,0.14539238572120666,1.311375617980957,0.6965777726824142,0.0199282169342041,0.6970418967543189,0.0915462970733642,0.6965979340080714,0.0989530086517334,0.700282201940122,0.1091816425323486,0.6960881962572449,0.123119831085205,0.6929008132997075,0.1313438415527343,0.6890036170534908,0.140315294265747,0.6835637822444197,0.1509251594543457,0.6833119678425368,0.1605832576751709,0.6835723520637697,0.176497220993042,0.2871413972973823,1.219752311706543,0.287507636398077,1.246013641357422,0.2541961635649204,1.2504441738128662,0.2550151591002941,1.263925075531006,0.1692392525076866,1.2714300155639648,0.1570525419712066,1.281543254852295,0.1569220304489135,1.2902085781097412,0.1306715847551822,1.2949297428131104,0.1305667150020599,1.3103969097137451,0.1304998348653316,1.3204398155212402,0.716589861751152,0.1728498935699463,0.719511594123113,0.1888370513916015,0.6972134154730966,0.1865062713623047,0.6866417485116391,0.1864657402038574,0.6831144737130862,0.1864423751831054,0.6845809450605809,0.1864480972290039,0.6905920979082468,0.186392068862915,0.7009343504577503,0.1863989830017089,0.7125397071231968,0.1863954067230224,0.7160030501392853,0.1861732006072998,0.7098728421611497,0.1863892078399658,0.7003944482621794,0.186363935470581,0.6929162489803629,0.1863689422607422,0.6903704617459456,0.1864879131317138,0.7052742388324093,0.1864156723022461,0.7315483500785815,0.1863918304443359,0.7632743740743809,0.1862976551055908,0.7868378476919003,0.1863362789154052,0.8278937435696656,0.1863853931427002,0.1275871701538563,1.3608710765838623,0.1653274899721145,1.3345844745635986,0.1483211849629879,1.3394105434417725,0.1469166095554828,1.3333637714385986,0.1452285581827163,1.3316452503204346,0.1454876965284347,1.3348660469055176,0.156458651125431,1.3403282165527344,0.1688265006244182,1.3371009826660156,0.1712238663434982,1.335965633392334,0.2174534524977207,1.332388162612915,0.2321177208423614,1.339816331863403,0.2466788603365421,1.3266780376434326,0.2442056251317262,1.329533338546753,0.2440521614998579,1.3323588371276855,0.2454461535066366,1.3362095355987549,0.2619908848404884,1.3364393711090088,0.2817668522894382,1.3389160633087158,0.284910089969635,1.3340978622436523,0.3202879221737384,1.3324768543243408
machine-1-4.csv,0.20319145917892456,0.13584341209590742,0.2069444444444444,0.2112428089692727,0.1946439433180214,0.1943372183684609,0.2068956090218678,0.2193480374307395,0.2317333474668323,0.2350090065555307,0.2398625720956946,0.2441822523476287,0.1564449606835842,0.0043485164642333984,0.010929107666015625,0.3073992660009528,0.1562948226928711,0.1885516732931137,0.9927749633789062,0.18314449526369572,1.0275568962097168,0.18226835876703262,1.0577178001403809,0.1821265447884798,1.0895256996154785,0.18277267262339592,1.1270792484283447,0.2819629182989521,0.0337984561920166,0.3077881370908852,0.0992920398712158,0.3107469780193636,0.1018247604370117,0.311030761510957,0.1085314750671386,0.310129996266595,0.1209282875061035,0.3112464749249208,0.1246354579925537,0.3066012492711608,0.1340594291687011,0.3071749329669215,0.1419312953948974,0.3065622107320689,0.1517691612243652,0.3049528632526058,0.1641438007354736,0.2126169197261333,1.055192232131958,0.2095792977511882,1.072312355041504,0.2029649151861667,1.0803461074829102,0.1968930029869079,1.0866830348968506,0.1934114021062851,1.090179443359375,0.1891984625160694,1.0983340740203855,0.1850098574161529,1.108544111251831,0.1843391393125057,1.1128506660461426,0.1851592171192169,1.1188716888427734,0.1799885542690754,1.1376898288726809,0.1930555555555555,0.1564562320709228,0.2389275113989856,0.1724293231964111,0.2723676497581073,0.1719412803649902,0.2975393588061866,0.172398567199707,0.3039643087968341,0.1724214553833007,0.3115497661451433,0.1721103191375732,0.3191852365032256,0.172149658203125,0.3348101184147093,0.1720561981201172,0.3596569697565632,0.1720938682556152,0.3803704591721099,0.1722009181976318,0.400015688918604,0.1718769073486328,0.4112968999443541,0.1722660064697265,0.4281926936095796,0.1720914840698242,0.444978869095443,0.1723475456237793,0.47211908619915,0.1720697879791259,0.4883923749232181,0.1722116470336914,0.4981657680966803,0.1722455024719238,0.4998718694556373,0.1723358631134033,0.501766784084223,0.1721999645233154,0.1431468452513218,1.1638896465301514,0.1637373723089695,1.1471011638641355,0.1690830664336681,1.1533055305480957,0.1742530705034732,1.144423484802246,0.1790067075192928,1.14910888671875,0.1838822062313556,1.1409430503845217,0.1907673655450344,1.146148681640625,0.199662564843893,1.1420204639434814,0.21279908567667,1.149653434753418,0.221186945438385,1.1468236446380615,0.2247620271146297,1.142216682434082,0.2290513907372951,1.1422033309936523,0.2360863481462002,1.148052453994751,0.2448764470219612,1.1449506282806396,0.2629263716936111,1.144662380218506,0.2761408950388431,1.1424744129180908,0.2826403966546059,1.1437015533447266,0.2829163432121276,1.1408321857452393,0.2829237039387226,1.1478497982025146
machine-3-1.csv,0.2843644917011261,0.38926055454299086,0.8701298701298701,0.901530260327479,0.8164572491785261,0.798734471522753,0.7976806137103144,0.8066372865506836,0.8150500812856368,0.8210595121529118,0.8286244177798923,0.8360330836256135,0.5514446702599526,0.004054069519042969,0.012266397476196289,0.8175678443609415,0.16329550743103027,0.5543696880340576,1.188406229019165,0.5527618698775768,1.2179961204528809,0.552288718521595,1.2421329021453857,0.5521183621138335,1.2769389152526855,0.5519531771540642,1.3101131916046143,0.7246399574103253,0.0165441036224365,0.770515240044991,0.0887203216552734,0.7873677202726249,0.0956625938415527,0.7941667562955915,0.1054804325103759,0.7968291713730863,0.1199152469635009,0.7972938025152011,0.1273908615112304,0.7995714027247873,0.1369519233703613,0.8034747710608507,0.1469652652740478,0.8067295773366374,0.1573286056518554,0.8119770975034417,0.173206090927124,0.543307968378067,1.2133574485778809,0.5646643462777138,1.249648094177246,0.5688240417838096,1.2506747245788574,0.5530077654123307,1.2595081329345703,0.5525056365132331,1.2673001289367676,0.5517226946353913,1.282376766204834,0.5491703176498413,1.2833452224731443,0.5495436778664589,1.2983369827270508,0.5503117755055428,1.3043785095214844,0.5513312023878097,1.32265305519104,0.8766233766233766,0.1721425056457519,0.806608572274566,0.1854119300842285,0.7895464707633327,0.1855497360229492,0.798895115668105,0.185685396194458,0.8102460788612942,0.1857526302337646,0.8199937733480878,0.1858191490173339,0.8022071073456427,0.1855902671813964,0.7743569074350246,0.1855556964874267,0.7939191335818607,0.1859166622161865,0.8018961770362175,0.185652494430542,0.807554716092793,0.1857907772064209,0.8130610893043221,0.1857075691223144,0.8146103126267621,0.1858425140380859,0.8154206998463921,0.1858131885528564,0.8167810311177174,0.1858808994293213,0.8178663752958865,0.1854422092437744,0.8270129790522608,0.1858062744140625,0.8458387364487165,0.185840368270874,0.8682411360187324,0.185748815536499,0.5858822673559189,1.3481066226959229,0.5422545889019966,1.3415470123291016,0.5177154868841172,1.331282615661621,0.526747752726078,1.337873458862305,0.5455217498540879,1.3395323753356934,0.5560264280438423,1.3356516361236572,0.5571603587269783,1.3367600440979004,0.5561406564712524,1.3355371952056885,0.5585912391543388,1.3311991691589355,0.5679234778881073,1.337106466293335,0.5701523274183273,1.3375494480133057,0.5702812185883522,1.3356263637542725,0.5702812361717224,1.332424879074097,0.5704456618428231,1.33838152885437,0.570623342692852,1.3342950344085691,0.5710451951622963,1.3419568538665771,0.5725612181425095,1.337122678756714,0.5788436034321784,1.339231014251709,0.5913406959176064,1.339625358581543
machine-3-4.csv,0.7439671754837036,0.7913844024710873,0.804503582395087,0.8243015766240809,0.6647509789211405,0.5858563656430591,0.5375735719157979,0.503522087050965,0.4707382217012576,0.4513499694299749,0.4581983948932098,0.4646276919704303,0.4590992847084999,0.004444599151611328,0.011345863342285156,0.47681312693661376,0.16461443901062012,0.5561587452888489,0.9939877986907959,0.5568201869726181,1.0255508422851562,0.55967944363753,1.0535883903503418,0.5610967587679625,1.0880649089813232,0.5605955320596695,1.1219022274017334,0.4642331440582857,0.043055772781372,0.4644926610256851,0.1070468425750732,0.4664047205480267,0.1128933429718017,0.4687792924310873,0.1206059455871582,0.4705389149875815,0.1268887519836425,0.4727091802490701,0.1349861621856689,0.4722881683842554,0.1441056728363037,0.4736849375633928,0.1520726680755615,0.4754156836911438,0.1618733406066894,0.4760915275695051,0.1743891239166259,0.6242568975687027,1.0560040473937988,0.6228710573911667,1.0685300827026367,0.6217324322462082,1.0732965469360352,0.6157419529557228,1.0853278636932373,0.606941525042057,1.0904383659362793,0.5971902158856391,1.097639560699463,0.5780519708991051,1.1121957302093506,0.5743517386913299,1.1133568286895752,0.5725367292761803,1.1258935928344729,0.5623594611883164,1.1288738250732422,0.804503582395087,0.1692802906036377,0.6704292189484745,0.1836466789245605,0.5404545426090828,0.1833748817443847,0.4810799400559181,0.1831085681915283,0.4693455605349206,0.1833257675170898,0.4863225916927575,0.1831216812133789,0.4937598400940431,0.1832244396209716,0.5051155001453077,0.1831996440887451,0.5246398664354628,0.1831495761871338,0.5481163613343532,0.1834404468536377,0.5693132112241567,0.1836295127868652,0.6007643586771854,0.1833162307739257,0.6275204473436932,0.1834964752197265,0.6628991001509847,0.1833021640777588,0.6933859788235214,0.1833438873291015,0.707091238166115,0.183199405670166,0.7182997420591644,0.1833953857421875,0.7203662566533031,0.1832685470581054,0.722353160221071,0.1834125518798828,0.4708472749590873,1.1721789836883545,0.5204910320043564,1.1545109748840332,0.5122618472576141,1.1467769145965576,0.5269346454739571,1.1466624736785889,0.5540307119488717,1.14719557762146,0.5690093955397606,1.1433863639831543,0.5744753670692444,1.1500377655029297,0.6008200001716614,1.1446688175201416,0.6195065081119537,1.1502952575683594,0.6397747367620468,1.1486661434173584,0.6580100437998772,1.1488993167877195,0.6751278483867645,1.1467316150665283,0.6873847132921219,1.149782657623291,0.7028499639034271,1.153325080871582,0.7109847432374954,1.1484532356262207,0.7201430034637452,1.155679702758789,0.7279600763320923,1.151188611984253,0.7295108938217163,1.1500208377838137,0.7346255093812942,1.150505542755127
machine-3-11.csv,0.2929345965385437,0.2318163686627113,0.3636363636363636,0.3519135512959229,0.4242014358600345,0.5173398443382344,0.5625629173064653,0.6046395708916348,0.6314609521341289,0.6466338492390624,0.6675909126024268,0.6857440064013359,0.5542688846588135,0.0041046142578125,0.012435436248779297,0.6502789199245986,0.159714937210083,0.5386484280228615,1.175668478012085,0.5335828103125095,1.215571403503418,0.5342765629291535,1.2370657920837402,0.5335494633764029,1.268829345703125,0.5329919326305389,1.3041236400604248,0.6421161358989564,0.0112333297729492,0.6540759725383822,0.0814661979675293,0.6575355867466118,0.0811347961425781,0.6533627893445657,0.0921540260314941,0.6555430668079167,0.1008882522583007,0.6452704834652743,0.1090526580810546,0.6527123645610132,0.1185798645019531,0.6548142502884059,0.1272690296173095,0.6512613034461533,0.1345686912536621,0.6521515830311,0.1509170532226562,0.5198871257901192,1.1864676475524902,0.5337578862905502,1.2470734119415283,0.5387653961777688,1.2457053661346436,0.5362269994616509,1.2545630931854248,0.5384719228744507,1.2702915668487549,0.5332836806774139,1.276564359664917,0.5356082433462143,1.2773313522338867,0.5370828098058701,1.2979049682617188,0.5355066660046578,1.3006789684295654,0.5349068540334702,1.318495512008667,0.3636363636363636,0.1612725257873535,0.4396070506032058,0.161207914352417,0.5663948420952625,0.161212682723999,0.6070146249738779,0.160963773727417,0.6341771378999209,0.161146879196167,0.6631103848783632,0.1612656116485595,0.685422237767361,0.1611816883087158,0.7010915794925369,0.1610915660858154,0.7132092845700154,0.1612787246704101,0.7142900702929608,0.1612615585327148,0.7150725750349233,0.1612358093261718,0.7224076665160786,0.161262035369873,0.7373218221508073,0.1611242294311523,0.7465317506888959,0.1612567901611328,0.7533115602192582,0.1610145568847656,0.7655534017046338,0.1610536575317382,0.7854782748500467,0.1611456871032714,0.8052387670007746,0.1612236499786377,0.8369522058229153,0.1611344814300537,0.3227944061160087,1.337294101715088,0.3613251149654388,1.3369169235229492,0.4656991404294968,1.3362455368041992,0.5068592095375061,1.3362281322479248,0.5273827025294304,1.3333628177642822,0.5454139205813407,1.3285982608795166,0.5598381441831589,1.333932638168335,0.5715244373679161,1.3348236083984375,0.5772740525007248,1.3413465023040771,0.5774565559625625,1.3329198360443115,0.5765613120794296,1.3358967304229736,0.5810388252139091,1.330618381500244,0.5888785970211029,1.3401117324829102,0.592350195646286,1.3343510627746582,0.5950723621249199,1.338625431060791,0.599478793144226,1.3341758251190186,0.6130167245864868,1.3366742134094238,0.6242968305945397,1.3361937999725342,0.6401983374357223,1.3410823345184326
machine-1-3.csv,0.18135441839694977,0.1537148211317067,0.3121175030599755,0.3088029747238167,0.3053607960972333,0.3393210665855811,0.3686784707682516,0.3751046901042405,0.3717818464786058,0.3626722120224821,0.3610854675687658,0.3661881215431127,0.1940253558754921,0.004308462142944336,0.010061979293823242,0.4736873860073786,0.16081500053405762,0.2407841168344021,0.9952778816223145,0.24044774435460567,1.0226893424987793,0.23735820800065993,1.058790922164917,0.23727018609642983,1.0904974937438965,0.23697169110178948,1.1212012767791748,0.3790101851624138,0.0382027626037597,0.4282303515910848,0.103283405303955,0.4483969516915478,0.1091573238372802,0.4531467660728985,0.1157410144805908,0.4561847953877092,0.1207702159881591,0.4647632744854006,0.1285343170166015,0.4676322773871104,0.137946605682373,0.4656169876329869,0.1455810070037841,0.4671493777707177,0.1559228897094726,0.4691408039021428,0.1682937145233154,0.2690482360124588,1.0473170280456543,0.2642847302556038,1.0760858058929443,0.2607233893871307,1.082948923110962,0.2591397333145142,1.0847289562225342,0.2533368524909019,1.0890731811523438,0.2513629332184791,1.098017930984497,0.2533734729886055,1.106830358505249,0.246186776459217,1.1140177249908447,0.2400219309329986,1.1280505657196045,0.2394065842032432,1.132535457611084,0.379436964504284,0.1583807468414306,0.4356321447136762,0.1763577461242675,0.4881378997688412,0.1759109497070312,0.4882382045059992,0.1761133670806884,0.4754615067301799,0.1760280132293701,0.4764101088760013,0.1763029098510742,0.4836700220154217,0.1759471893310547,0.4937288452987268,0.1759324073791504,0.5068559015608269,0.1760499477386474,0.5187539693669181,0.175994873046875,0.538549134703505,0.1759297847747802,0.5572165221158533,0.17600679397583,0.565179533119032,0.176025390625,0.5778325108523472,0.1761958599090576,0.5898307950495653,0.1758491992950439,0.5955630618400972,0.1761343479156494,0.5963212814797545,0.1762058734893798,0.5993900479844719,0.1764049530029297,0.6033653268401565,0.1760950088500976,0.1976339787244797,1.1515772342681885,0.2260615567862987,1.2292065620422363,0.2439458633959293,1.1439073085784912,0.2437185022234916,1.141923427581787,0.2381046015024185,1.141010284423828,0.2386586064100265,1.1396770477294922,0.2522369481623173,1.141106367111206,0.2682042913138866,1.1418426036834717,0.2775865498185157,1.1432926654815674,0.2841622275114059,1.1439106464385986,0.295270916223526,1.1439199447631836,0.2989027056097984,1.1420674324035645,0.3015762554109096,1.1435327529907229,0.3094313828647136,1.1436383724212646,0.316198550760746,1.1386964321136477,0.3183222840726376,1.1429922580718994,0.3185811030864716,1.1415882110595703,0.3195842809975147,1.1426887512207031,0.32075906842947,1.1482646465301514
machine-2-4.csv,0.29834455251693726,0.382144391825069,0.29456906729634,0.2931988684513534,0.3187295587970931,0.3419609460988159,0.357429680638543,0.3809685195322825,0.3974325097520148,0.4084395685969776,0.4228105346087553,0.4310424051588593,0.1964365041255951,0.005687713623046875,0.011147022247314453,0.4642479071865409,0.19752860069274902,0.2885326012969017,1.005199909210205,0.27772851958870887,1.0399420261383057,0.275896647075812,1.0883300304412842,0.2738130711019039,1.1356472969055176,0.2729538705945015,1.1767899990081787,0.4597417501138686,0.0728499889373779,0.471367970956522,0.1402432918548584,0.476172146019701,0.1464014053344726,0.4748983879142853,0.1506216526031494,0.4719027287518086,0.1567769050598144,0.4694816521107072,0.1646065711975097,0.4693753025838542,0.1739006042480468,0.4680246472428115,0.1819841861724853,0.4668159582675177,0.1911964416503906,0.4657801741948819,0.2040526866912841,0.3889037135243416,1.102506399154663,0.3901868692040443,1.1247944831848145,0.3810926511883735,1.1312785148620603,0.3515380680561065,1.1361181735992432,0.336434431374073,1.1424007415771484,0.317542117536068,1.1510398387908936,0.3106337028741837,1.1557025909423828,0.3065710118412971,1.1685950756072998,0.2935423454642296,1.1721444129943848,0.2865736895799637,1.183661699295044,0.2880755608028335,0.1973617076873779,0.3210774291414556,0.2128245830535888,0.3861350881114795,0.2126543521881103,0.4275760932321039,0.2126684188842773,0.4544109209495096,0.212961196899414,0.4724370912333401,0.2127523422241211,0.4865758124213459,0.2129938602447509,0.4963511031355143,0.2127809524536132,0.4987179919291968,0.2131056785583496,0.4957252679019787,0.2126119136810302,0.4906934544985046,0.2124717235565185,0.4988459584120564,0.212775707244873,0.508938843105973,0.2128582000732422,0.5232470240842236,0.2128753662109375,0.5449056399157333,0.2125294208526611,0.5517438159982424,0.2132685184478759,0.5545264990233427,0.2130708694458007,0.5562047313026738,0.2128999233245849,0.5809841343916491,0.2126917839050293,0.16050905585289,1.213670015335083,0.1711321967840194,1.198768138885498,0.2098119613528251,1.1968908309936523,0.2375552663207054,1.194188356399536,0.2659560623764991,1.1959295272827148,0.2821681401133537,1.1990535259246826,0.2962381002306938,1.195876121520996,0.3080215334892273,1.1937658786773682,0.3134282690286636,1.203632354736328,0.3163268613815307,1.195178508758545,0.3198607370257377,1.1937689781188965,0.3230573466420173,1.1926252841949463,0.3284339925646782,1.196854591369629,0.3541876500844955,1.189760446548462,0.37258066624403,1.1945607662200928,0.3759856909513474,1.1890888214111328,0.3790757727622986,1.1892685890197754,0.3801961582899094,1.1958036422729492,0.4016960555315018,1.1909358501434326
machine-2-1.csv,0.34711191058158875,0.24126411550733234,0.4632478632478632,0.4678768711976783,0.4623787015104887,0.4599789362364637,0.4559390345184118,0.4576267464713081,0.458434649317919,0.462557438447139,0.4669515974056534,0.4699165045308348,0.4074762260913849,0.004326343536376953,0.01036381721496582,0.4742402693097493,0.17302989959716797,0.4309595063328743,0.9891083240509033,0.4316197320818901,1.0228497982025146,0.43299861749013263,1.0533857345581055,0.43213444389402866,1.0909886360168457,0.4321003818511963,1.1253366470336914,0.4610928403363936,0.052896499633789,0.4622820021370166,0.1180934906005859,0.4665063440271083,0.1233577728271484,0.4710064585536176,0.1316921710968017,0.4746339081932916,0.1353299617767334,0.4741202038543745,0.1434464454650879,0.4744389994689362,0.1528210639953613,0.47353181299113,0.1606597900390625,0.473244126754006,0.1707112789154052,0.4727985605970072,0.1831705570220947,0.4531482198834419,1.0519187450408936,0.4504034277796745,1.070995807647705,0.4496610069274902,1.0809941291809082,0.4474627286195755,1.0830388069152832,0.4452859157323837,1.0922026634216309,0.4415913990139961,1.1032085418701172,0.4416104078292847,1.1092324256896973,0.4340945395827293,1.113379955291748,0.4332221642136574,1.1187865734100342,0.4330200970172882,1.1331787109375,0.5025641025641026,0.1779429912567138,0.4642840835088874,0.1924459934234619,0.4546369636476081,0.1916444301605224,0.4646606544907605,0.1918444633483886,0.4723441528676345,0.1915340423583984,0.475853693215498,0.1914381980895996,0.483209751387182,0.1915929317474365,0.4928428272870924,0.1915781497955322,0.5000338562286248,0.1913247108459472,0.5168461314167617,0.1917166709899902,0.5482878958852302,0.1916794776916504,0.556425628776661,0.191472053527832,0.5559229958339142,0.191389799118042,0.5569426514729188,0.1915886402130127,0.5571639217201607,0.191533088684082,0.5769948632641554,0.1913840770721435,0.6134089705647484,0.1914997100830078,0.6342398753698354,0.191394567489624,0.6462484218431708,0.1917858123779297,0.3945794296264648,1.1612935066223145,0.3843014648556709,1.1534008979797363,0.3930658781528472,1.1467115879058838,0.4111243021488189,1.1445131301879885,0.42939960449934,1.1426823139190674,0.4340254509449005,1.1425354480743408,0.4407109025120735,1.1460041999816897,0.4490497025847435,1.1457056999206543,0.4530693113803863,1.1533195972442627,0.4571700549125671,1.1473195552825928,0.4780353739857673,1.1477265357971191,0.48219372600317,1.1437585353851318,0.4838490912318229,1.149031162261963,0.4856715020537376,1.150038480758667,0.4849650925397873,1.1490263938903809,0.4953738817572594,1.143066644668579,0.5155409994721413,1.143249273300171,0.5290825840830803,1.1483445167541504,0.5370463222265244,1.1487841606140137
machine-3-6.csv,0.4661789536476135,0.40850306633070055,0.873534338358459,0.8139188303759166,0.7865627229929838,0.7617036806098226,0.7260056748207763,0.6856208902737905,0.6706956501042877,0.6720536252350147,0.6782069296049096,0.6911944987166324,0.6428280806541443,0.004765510559082031,0.012292861938476562,0.694081824959088,0.20317363739013672,0.6473570227622986,1.1946656703948975,0.6501909017562866,1.2344210147857666,0.6504300604263942,1.2648265361785889,0.6508618123829365,1.2970354557037354,0.6507861906290054,1.3367128372192383,0.6031069100418988,0.0542457103729248,0.6317057523439433,0.1270689964294433,0.6483427668873,0.1333169937133789,0.6612344070469538,0.143587589263916,0.670247382693124,0.1543400287628173,0.6766494830789945,0.1645035743713379,0.6830268932408108,0.1740400791168213,0.6876363675363381,0.1843087673187255,0.6913893676613417,0.194120168685913,0.6930732627271362,0.2084670066833496,0.5863633894920349,1.240262508392334,0.6084926569461823,1.2709150314331057,0.6180376785993577,1.2812743186950684,0.6266232961416245,1.2933835983276367,0.6340770298242568,1.2923505306243896,0.6427390909194947,1.3030753135681152,0.6454534512758255,1.3158915042877195,0.6461770099401474,1.3195796012878418,0.6504117345809937,1.3271989822387695,0.6502953577041626,1.3455297946929932,0.8726968174204355,0.2050590515136718,0.7735037778311737,0.2215611934661865,0.728041895642663,0.223142385482788,0.6784323286922256,0.22337007522583,0.6863315906046032,0.2230603694915771,0.7020437409524091,0.2231452465057373,0.7204543132497857,0.2234308719635009,0.7365355561331428,0.2232635021209716,0.7415808370626045,0.2230141162872314,0.7475048661454662,0.2231831550598144,0.7538780886037594,0.2233710289001464,0.7625168638833407,0.223365306854248,0.7773463249979636,0.2231149673461914,0.7887240093908755,0.2234320640563964,0.7979356777900819,0.2236194610595703,0.8072330925669148,0.2228190898895263,0.8136312261504839,0.2239112854003906,0.8230606912076124,0.2236049175262451,0.8304296158722142,0.2233662605285644,0.7027456718683243,1.3761041164398191,0.6746399915218353,1.375424861907959,0.6638910412788391,1.365776777267456,0.6344326293468475,1.365246295928955,0.6433451569080353,1.361125946044922,0.6570789456367493,1.359494686126709,0.6751013487577439,1.3655600547790527,0.6890279579162598,1.3645501136779783,0.693519896864891,1.3642802238464355,0.698870399594307,1.3608057498931885,0.7027074694633484,1.3604238033294678,0.7077579492330551,1.3548023700714111,0.7163417851924896,1.3655376434326172,0.72326291680336,1.3526909351348877,0.727214435338974,1.356337070465088,0.7321809619665146,1.3605730533599854,0.7349754750728608,1.3646516799926758,0.7401736795902252,1.3647668361663818,0.7441467064619064,1.360684156417847
machine-2-2.csv,0.26202404499053955,0.20012960295291454,0.0134133427462054,0.0145057615453146,0.0158230861930614,0.0154772880766402,0.016774110082673,0.0207844743506342,0.0277864736667681,0.0315537120532158,0.0354644768392003,0.04085559415865,0.1492992535233497,0.004662513732910156,0.010284662246704102,0.07743615102785689,0.2409040927886963,0.15995138883590698,0.9983839988708496,0.15889643728733063,1.0276374816894531,0.15869167000055312,1.0601954460144043,0.15817318931221963,1.0992460250854492,0.15803773880004882,1.1289362907409668,0.1046511021370591,0.121875524520874,0.1066154489232641,0.1857709884643554,0.0995020712910549,0.1927366256713867,0.0965573455750838,0.1987009048461914,0.0953449165013521,0.2032577991485595,0.091009992166445,0.2111809253692627,0.0866431964121259,0.2204208374023437,0.0828561473904987,0.228616714477539,0.0801287299035602,0.2383792400360107,0.0793352659596167,0.2512645721435547,0.1811425024271011,1.06404709815979,0.1797914469242096,1.0851964950561523,0.17533715903759,1.087475299835205,0.1720106622576713,1.0932412147521973,0.1693681424856186,1.101895809173584,0.1658454519510269,1.1064190864562988,0.1623902836441993,1.1170287132263184,0.1600464037060737,1.122800350189209,0.1594547221064567,1.129718780517578,0.1590347647666931,1.1407158374786377,0.0709495234733498,0.2441811561584472,0.0588278837888485,0.2577261924743652,0.0600003986535181,0.2577013969421386,0.0668908979661365,0.2575984001159668,0.0743895298501115,0.2577629089355469,0.0811854430444631,0.2580676078796386,0.0854138581544542,0.2582485675811767,0.0886664035669779,0.257756233215332,0.0933776981431276,0.2582266330718994,0.099035318110605,0.2581143379211426,0.1015195379056779,0.257885217666626,0.1039693878312052,0.2585856914520263,0.1088784708566054,0.2574212551116943,0.1169469330769384,0.2582886219024658,0.129033208623802,0.2582712173461914,0.149211321405664,0.2585313320159912,0.1758958614982961,0.2574810981750488,0.2834078997004109,0.2577147483825683,0.342046991703209,0.2579805850982666,0.158599287867546,1.1627981662750244,0.1558234623074531,1.1505844593048096,0.1557412806153297,1.1490201950073242,0.1563049176335335,1.1494767665863037,0.1577237549424171,1.147566318511963,0.1584380489587784,1.1470072269439695,0.1586828881502151,1.1482915878295898,0.158896741271019,1.1467547416687012,0.1603240039944648,1.1503574848175049,0.1612726211547851,1.150057077407837,0.1615141481161117,1.149731159210205,0.161614646911621,1.1517040729522705,0.1622684460878372,1.1492202281951904,0.1643870079517364,1.1468980312347412,0.1675383937358856,1.1504840850830078,0.1717667543888092,1.152385711669922,0.1808601441979408,1.1527400016784668,0.238570687174797,1.1486945152282717,0.2673370948433876,1.1471562385559082
machine-3-9.csv,0.2880314588546753,0.3535627016269819,0.8745874587458746,0.8937385878168915,0.8133550200969403,0.8001899239057537,0.7925747430216682,0.7994469625731753,0.8052642433019658,0.8090646959025424,0.8125343800784375,0.8146543356982244,0.5345552828907967,0.004040718078613281,0.012145042419433594,0.8089494493472487,0.16672897338867188,0.5495362058281898,1.198094129562378,0.5481560975313187,1.226994276046753,0.5479978948831559,1.2489075660705566,0.5479399036616087,1.2773492336273193,0.5480060732364654,1.3129525184631348,0.730032614227358,0.0164580345153808,0.7714118940899514,0.0903079509735107,0.7742134035150277,0.0952081680297851,0.7754263989135447,0.1043665409088134,0.7714537812917854,0.1199727058410644,0.7751998074708948,0.127871036529541,0.7760619715234124,0.1371774673461914,0.7846119740180126,0.147369384765625,0.7920292511838236,0.157184362411499,0.8004888268975351,0.1715624332427978,0.5174317020177841,1.2102253437042236,0.5302526584267616,1.2513043880462646,0.5316638603806496,1.2521693706512451,0.5299703142046929,1.2622849941253662,0.5225523087382317,1.2768311500549316,0.5235024464130401,1.2806925773620603,0.530111412703991,1.286994695663452,0.5446710246801376,1.304591178894043,0.5468525525927543,1.3132576942443848,0.5447397682070733,1.3250937461853027,0.8877887788778878,0.1686468124389648,0.7978129061896165,0.1851003170013427,0.7900489729125002,0.184849739074707,0.7986470063201225,0.1849515438079834,0.8070261758660673,0.1850697994232177,0.8061961379472338,0.1851034164428711,0.7839888113959671,0.1850123405456543,0.7725972259370353,0.1849031448364257,0.7712530168293674,0.1849386692047119,0.7786466408148144,0.1852285861968994,0.7913384755140375,0.1849813461303711,0.8039003209199587,0.1848781108856201,0.8122807091527456,0.1852719783782959,0.8160179375666359,0.1850483417510986,0.8198738264869528,0.1854133605957031,0.8219387438953553,0.1850085258483886,0.8268891999274939,0.1850395202636718,0.8360120740571965,0.1849160194396972,0.8653816653516161,0.18540620803833,0.6131136596202851,1.360379934310913,0.5409130796790123,1.3472721576690674,0.5295371335744857,1.3412084579467771,0.5348473292589188,1.342979907989502,0.5399357482790947,1.3403270244598389,0.5467162728309631,1.3425817489624023,0.5449060866236687,1.3429534435272217,0.5470659616589546,1.3377208709716797,0.5491375038027764,1.3424334526062012,0.550291001200676,1.3418333530426023,0.559744369983673,1.3431739807128906,0.5617309522628784,1.3437731266021729,0.5638058367371559,1.3408234119415283,0.5638504588603973,1.342135667800903,0.5641925466060639,1.3479771614074707,0.5641980853676796,1.3438265323638916,0.5643906626105308,1.348585605621338,0.5660540628433227,1.3464510440826416,0.5826705497503281,1.3432724475860596
machine-1-5.csv,0.7116450667381287,0.49145401249965504,0.91,0.91,0.91,0.8578804637559534,0.8161729328691945,0.7917939436588951,0.7700345153079299,0.7600025105956345,0.7815805088708103,0.7870993169400884,0.6751664221286774,0.004011869430541992,0.011202573776245117,0.8010556443849053,0.13162446022033691,0.8104719579219818,0.9723336696624756,0.8125704944133758,1.021925449371338,0.8167281826337178,1.0451040267944336,0.817431178689003,1.0810706615447998,0.8165784633159637,1.1228063106536865,0.7342688432741593,0.0073113441467285,0.7437555134097599,0.0611701011657714,0.7551691284034128,0.0674877166748046,0.7662363984740364,0.0728724002838134,0.7799244665789721,0.0805404186248779,0.7901264227452178,0.0881228446960449,0.7974764725484181,0.0964453220367431,0.7980539927280392,0.1034021377563476,0.8008318712829541,0.1106963157653808,0.8010497821068823,0.1218299865722656,0.8330367171764373,1.0096168518066406,0.8324036920070648,1.059760332107544,0.8244075405597687,1.0647022724151611,0.8220128619670868,1.0763819217681885,0.8224703979492187,1.0861780643463137,0.8177891635894775,1.0858469009399414,0.8174666166305542,1.100430250167847,0.8168411445617676,1.1031906604766846,0.8171207630634307,1.1062169075012207,0.8167353463172913,1.1167562007904053,1.0,0.1343538761138916,0.9469278726022756,0.130791425704956,0.8743509062730689,0.1305990219116211,0.8283277772303499,0.1305208206176757,0.8074150772303013,0.1305258274078369,0.8080928115971292,0.1307477951049804,0.8176675722240907,0.1304450035095214,0.8360022702962873,0.1307635307312011,0.8555141751900593,0.1307251453399658,0.8604255350675565,0.1306431293487548,0.8786526381122459,0.1306085586547851,0.8933125746857874,0.1307857036590576,0.8978555890764974,0.1303243637084961,0.9023659454600836,0.1307616233825683,0.9066924307288048,0.1304843425750732,0.9155408679412362,0.1308090686798095,0.9190091829834276,0.1304383277893066,0.9232764583654148,0.1306295394897461,0.9253888850525428,0.1304900646209716,0.8992887234687805,1.1450207233428955,0.8964658844470977,1.140641450881958,0.8393129193782807,1.1382498741149902,0.8049908363819123,1.1384289264678955,0.8109876739978791,1.136430263519287,0.8270853662490845,1.1357927322387695,0.8336104619503021,1.137232780456543,0.8370163083076477,1.13820219039917,0.8563685357570648,1.133573293685913,0.8576562631130219,1.1381092071533203,0.8596565794944763,1.1351683139801023,0.8686144614219665,1.133751630783081,0.869460563659668,1.1329424381256104,0.8699603581428528,1.1337807178497314,0.870278091430664,1.1377182006835938,0.870760087966919,1.131171703338623,0.870760087966919,1.1357433795928955,0.876995849609375,1.1338458061218262,0.8778695082664489,1.1345794200897217
machine-3-5.csv,0.23412637412548065,0.2153739153612967,0.6408450704225352,0.7343799040966146,0.7614538500880208,0.7546920783280378,0.7202658004519918,0.7199848086093008,0.7012745439667112,0.6875970390034017,0.6906514303171764,0.691859394526066,0.2692960488796234,0.0042324066162109375,0.010401248931884766,0.7014492805270116,0.14305591583251953,0.30525333881378175,0.9938802719116211,0.30654877573251726,1.0206665992736816,0.3066168119510015,1.0514941215515137,0.307774955779314,1.0892157554626465,0.30764021396636965,1.123046875,0.6843304667183097,0.0186424255371093,0.7009117786471167,0.0834925174713134,0.7011086894879687,0.0907444953918457,0.7066310241198006,0.0967245101928711,0.7032568173025666,0.1034038066864013,0.7047404174535503,0.1110553741455078,0.7018313781418897,0.120807409286499,0.7002708892473817,0.1281893253326416,0.700605657505902,0.1382269859313964,0.700835964959281,0.15041184425354,0.5262158927321434,1.054434061050415,0.5326526361703873,1.072812557220459,0.4416344264149666,1.0735411643981934,0.4216940772533417,1.084544658660889,0.3698743551969528,1.0881016254425049,0.3665342012047767,1.0977668762207031,0.3508890545368194,1.1103320121765137,0.3298605808615684,1.1132638454437256,0.3292995917797088,1.117701292037964,0.3291769453883171,1.1307241916656494,0.7018779342723005,0.1424963474273681,0.7912326881174483,0.1584134101867675,0.7572852327084774,0.1584703922271728,0.7204273272045982,0.1582965850830078,0.7042276627396311,0.1583623886108398,0.6865164897186692,0.1582033634185791,0.6912262420994644,0.1582624912261963,0.696189966003856,0.1582744121551513,0.6997431999445008,0.1582591533660888,0.7151442012507497,0.1583583354949951,0.7287297007818474,0.1583013534545898,0.7389328772183242,0.1582586765289306,0.7487018903255666,0.1584005355834961,0.7582001791746109,0.1583304405212402,0.7696492896353142,0.1583786010742187,0.7833063804762519,0.1583325862884521,0.7924033184003534,0.1582894325256347,0.8042655372032904,0.158332347869873,0.8322366931493428,0.1584033966064453,0.2152881088852882,1.1589412689208984,0.2925248661637306,1.1413557529449463,0.3153533333539963,1.1466577053070068,0.3099357581138611,1.1422927379608154,0.3074558797478676,1.1412732601165771,0.3212248006463051,1.145765781402588,0.3389349454641342,1.1440913677215576,0.3401628741621971,1.146005153656006,0.340214866399765,1.146409511566162,0.3431192430853844,1.1396880149841309,0.3492661726474761,1.1437079906463623,0.3580743271112442,1.1397407054901123,0.3742075264453888,1.1422905921936035,0.3762433394789696,1.1440231800079346,0.3786462849378585,1.1498987674713137,0.3817302393913269,1.140993356704712,0.3834347578883171,1.1476693153381348,0.3851187661290168,1.148409128189087,0.3894744211435318,1.1400268077850342
